conversation_id,workspace_id,status,type,context,message_id,message_type,message_category,message_status,message_count,message_seq,content_role,content_type,content_message_type,message_content,request_id,message_data_tag,agent_inst_id,agent_inst_name,user_name,shop_name,image_type,secondary_label,downloaded_images,true_secondary_label
2012676658015588354,1976114002808741890,2,real,"{""thoughts"":[{""service"":""其他"",""intention"":"""",""created_at"":""2026-01-18T00:01:29.403+00:00""}],""recommend_contents"":[]}",3924692267084.PNM,question,chat,1,40,6,user,multimodal,question,"[{""type"":""image"",""text"":""图片消息"",""url"":""https://img.alicdn.com/imgextra/i2/O1CN01FKxxHZ1aWrBangvMz_!!4611686018427380794-0-amp.jpg""}]",,history,2005517408539951105,立邦官方旗舰店:昊昊,陈敏玲ling,立邦官方旗舰店,实物拍摄(含售后),孔洞,,
2012676658015588354,1976114002808741890,2,real,"{""thoughts"":[{""service"":""其他"",""intention"":"""",""created_at"":""2026-01-18T00:01:29.403+00:00""}],""recommend_contents"":[]}",3924692289362.PNM,question,chat,1,40,16,user,multimodal,question,"[{""type"":""image"",""text"":""图片消息"",""url"":""https://img.alicdn.com/imgextra/i4/O1CN01QSCpun1aWrBaeGZC7_!!4611686018427380794-0-amp.jpg""}]",,online,2005517408539951105,立邦官方旗舰店:昊昊,陈敏玲ling,立邦官方旗舰店,实物拍摄(含售后),涂鸦&污渍,,裂缝
2012676687891615745,1976114002808741890,2,real,"{""thoughts"":[{""service"":""商品咨询与推荐"",""intention"":""适用场景匹配"",""action"":""confirm_answer"",""created_at"":""2026-01-18T00:01:44.327+00:00""}],""recommend_contents"":[{""request_id"":""c860bc4aba1a9ae93ab78e75ec7ba711"",""recommend_items"":[{""id"":""674545106798"",""name"":""净味耐久免钉胶"",""link"":""https://detail.tmall.com/item.htm?id=674545106798&skuId=5897178458901"",""type"":""item""}]}]}",3934199764272.PNM,question,chat,1,17,1,user,multimodal,question,"[{""type"":""image"",""text"":""图片消息"",""url"":""https://img.alicdn.com/imgextra/i4/O1CN01itb5Co1JTn49u7s1B_!!4611686018427385894-0-amp.jpg""}]",,history,2005517408539951105,立邦官方旗舰店:昊昊,永远不变的承诺1014,立邦官方旗舰店,实物拍摄(含售后),全部未分类,,全部未分类
2012676687891615745,1976114002808741890,2,real,"{""thoughts"":[{""service"":""商品咨询与推荐"",""intention"":""适用场景匹配"",""action"":""confirm_answer"",""created_at"":""2026-01-18T00:01:44.327+00:00""}],""recommend_contents"":[{""request_id"":""c860bc4aba1a9ae93ab78e75ec7ba711"",""recommend_items"":[{""id"":""674545106798"",""name"":""净味耐久免钉胶"",""link"":""https://detail.tmall.com/item.htm?id=674545106798&skuId=5897178458901"",""type"":""item""}]}]}",3927748563670.PNM,question,chat,1,17,7,user,multimodal,question,"[{""type"":""image"",""text"":""图片消息"",""url"":""https://img.alicdn.com/imgextra/i4/O1CN01lZnsV01JTn4AJnkve_!!4611686018427385894-0-amp.jpg""}]",,history,2005517408539951105,立邦官方旗舰店:昊昊,永远不变的承诺1014,立邦官方旗舰店,实物拍摄(含售后),全部未分类,,全部未分类
2012676716064755714,1976114002808741890,2,real,"{""thoughts"":[{""service"":""商品咨询与推荐"",""intention"":""适用场景匹配"",""created_at"":""2026-01-18T00:02:00.026+00:00""}],""recommend_contents"":[{""request_id"":""4bf262246f6da55d90afe36b2b097e09"",""recommend_items"":[{""id"":""631788922639"",""name"":""星空灰可外露屋面防水"",""link"":""https://detail.tmall.com/item.htm?id=631788922639&skuId=5932166205947"",""type"":""item""}]}]}",3933875234971.PNM,question,chat,1,17,2,user,multimodal,question,"[{""type"":""image"",""text"":""图片消息"",""url"":""https://img.alicdn.com/imgextra/i1/O1CN01oBVJOa1WTs8r038sO_!!4611686018427380150-0-amp.jpg""}]",,history,2005517408539951105,立邦官方旗舰店:昊昊,邻近关节,立邦官方旗舰店,实物拍摄(含售后),起皮掉皮,,起皮掉皮
2012676716064755714,1976114002808741890,2,real,"{""thoughts"":[{""service"":""商品咨询与推荐"",""intention"":""适用场景匹配"",""created_at"":""2026-01-18T00:02:00.026+00:00""}],""recommend_contents"":[{""request_id"":""4bf262246f6da55d90afe36b2b097e09"",""recommend_items"":[{""id"":""631788922639"",""name"":""星空灰可外露屋面防水"",""link"":""https://detail.tmall.com/item.htm?id=631788922639&skuId=5932166205947"",""type"":""item""}]}]}",3933875234996.PNM,question,chat,1,17,3,user,multimodal,question,"[{""type"":""image"",""text"":""图片消息"",""url"":""https://img.alicdn.com/imgextra/i4/O1CN01X9ah3W1WTs8rnIddu_!!4611686018427380150-0-amp.jpg""}]",,history,2005517408539951105,立邦官方旗舰店:昊昊,邻近关节,立邦官方旗舰店,实物拍摄(含售后),裂缝,,裂缝
2012676716064755714,1976114002808741890,2,real,"{""thoughts"":[{""service"":""商品咨询与推荐"",""intention"":""适用场景匹配"",""created_at"":""2026-01-18T00:02:00.026+00:00""}],""recommend_contents"":[{""request_id"":""4bf262246f6da55d90afe36b2b097e09"",""recommend_items"":[{""id"":""631788922639"",""name"":""星空灰可外露屋面防水"",""link"":""https://detail.tmall.com/item.htm?id=631788922639&skuId=5932166205947"",""type"":""item""}]}]}",3934199969887.PNM,question,chat,1,17,8,user,multimodal,question,"[{""type"":""image"",""text"":""图片消息"",""url"":""https://img.alicdn.com/imgextra/i3/O1CN01gesQWu1WTs8rJ4Q1C_!!4611686018427380150-0-amp.jpg""}]",,history,2005517408539951105,立邦官方旗舰店:昊昊,邻近关节,立邦官方旗舰店,实物拍摄(含售后),起皮掉皮,,起皮掉皮
2012676716064755714,1976114002808741890,2,real,"{""thoughts"":[{""service"":""商品咨询与推荐"",""intention"":""适用场景匹配"",""created_at"":""2026-01-18T00:02:00.026+00:00""}],""recommend_contents"":[{""request_id"":""4bf262246f6da55d90afe36b2b097e09"",""recommend_items"":[{""id"":""631788922639"",""name"":""星空灰可外露屋面防水"",""link"":""https://detail.tmall.com/item.htm?id=631788922639&skuId=5932166205947"",""type"":""item""}]}]}",3934199973203.PNM,question,chat,1,17,10,user,multimodal,question,"[{""type"":""image"",""text"":""图片消息"",""url"":""https://img.alicdn.com/imgextra/i3/O1CN01C4sKpM1WTs8r07VF7_!!4611686018427380150-0-amp.jpg""}]",,history,2005517408539951105,立邦官方旗舰店:昊昊,邻近关节,立邦官方旗舰店,实物拍摄(含售后),起皮掉皮,,起皮掉皮
2012677268140019714,1976114002808741890,2,real,"{""thoughts"":[{""service"":""家装行业相关"",""intention"":""局部修缮方案咨询"",""action"":""confirm_answer"",""created_at"":""2026-01-18T00:04:02.117+00:00""}],""recommend_contents"":[{""request_id"":""3db0e227a44efcaf2f84ddccf7d3d759"",""recommend_items"":[{""id"":""662110937733"",""name"":""瓷砖空鼓剂"",""link"":""https://detail.tmall.com/item.htm?id=662110937733&skuId=5595548391837"",""type"":""item""}]}]}",3924684427504.PNM,question,chat,1,34,6,user,multimodal,question,"[{""type"":""image"",""text"":""图片消息"",""url"":""https://img.alicdn.com/imgextra/i2/O1CN01g70OyL1QdaqzGyQBc_!!4611686018427381711-0-amp.jpg""}]",,history,2005517408539951105,立邦官方旗舰店:昊昊,方国行天下,立邦官方旗舰店,实物拍摄(含售后),全部未分类,,全部未分类
2012678939297533954,1976114002808741890,2,real,"{""thoughts"":[{""service"":""商品咨询与推荐"",""intention"":""适用场景匹配"",""created_at"":""2026-01-18T00:10:47.956+00:00""},{""service"":""商品咨询与推荐"",""intention"":""适用场景匹配"",""created_at"":""2026-01-18T02:56:41.904+00:00""},{""service"":""闲聊"",""intention"":""打招呼"",""created_at"":""2026-01-18T04:41:50.078+00:00""}],""recommend_contents"":[{""request_id"":""ce2a5b63929d45c9c4a260f755dae8cc"",""recommend_items"":[{""id"":""999451562474"",""name"":""立邦犀利油污清洁慕斯"",""link"":"""",""type"":""item""},{""id"":""1004579977805"",""name"":""立邦犀利家居清洁好物"",""link"":"""",""type"":""item""}]},{""request_id"":""f86f2b07da1e9dafa68e956c5fe3411b"",""recommend_items"":[{""id"":""631617350390"",""name"":""防水抗渗补墙膏"",""link"":""https://detail.tmall.com/item.htm?id=631617350390&skuId=5076161912206"",""type"":""item""}]}]}",3927686682351.PNM,question,chat,1,40,8,user,multimodal,question,"[{""type"":""image"",""text"":""图片消息"",""url"":""https://img.alicdn.com/imgextra/i4/O1CN01yONa6n1PXoEgyCjqN_!!4611686018427384875-0-amp.jpg""}]",,history,2005531847143251970,立邦官方旗舰店:辰辰,姐不是你大爷,立邦官方旗舰店,实物拍摄(含售后),起皮掉皮,,起皮掉皮
2012678939297533954,1976114002808741890,2,real,"{""thoughts"":[{""service"":""商品咨询与推荐"",""intention"":""适用场景匹配"",""created_at"":""2026-01-18T00:10:47.956+00:00""},{""service"":""商品咨询与推荐"",""intention"":""适用场景匹配"",""created_at"":""2026-01-18T02:56:41.904+00:00""},{""service"":""闲聊"",""intention"":""打招呼"",""created_at"":""2026-01-18T04:41:50.078+00:00""}],""recommend_contents"":[{""request_id"":""ce2a5b63929d45c9c4a260f755dae8cc"",""recommend_items"":[{""id"":""999451562474"",""name"":""立邦犀利油污清洁慕斯"",""link"":"""",""type"":""item""},{""id"":""1004579977805"",""name"":""立邦犀利家居清洁好物"",""link"":"""",""type"":""item""}]},{""request_id"":""f86f2b07da1e9dafa68e956c5fe3411b"",""recommend_items"":[{""id"":""631617350390"",""name"":""防水抗渗补墙膏"",""link"":""https://detail.tmall.com/item.htm?id=631617350390&skuId=5076161912206"",""type"":""item""}]}]}",3924926207420.PNM,question,chat,1,40,22,user,multimodal,question,"[{""type"":""image"",""text"":""图片消息"",""url"":""https://img.alicdn.com/imgextra/i4/O1CN01bClGlT1PXoEhUQfxQ_!!4611686018427384875-0-amp.jpg""}]",,online,2005531847143251970,立邦官方旗舰店:辰辰,姐不是你大爷,立邦官方旗舰店,实物拍摄(含售后),起皮掉皮,,起皮掉皮
2012679529150894082,1976114002808741890,2,real,"{""thoughts"":[{""service"":""商品咨询与推荐"",""intention"":""适用场景匹配"",""action"":""confirm_answer"",""created_at"":""2026-01-18T00:13:01.541+00:00""}],""recommend_contents"":[{""request_id"":""33dc4588bbc9d0a679b553ad28c4ec9b"",""recommend_items"":[{""id"":""662110937733"",""name"":""瓷砖空鼓剂"",""link"":""https://detail.tmall.com/item.htm?id=662110937733&skuId=5595548391837"",""type"":""item""}]}]}",3927746943258.PNM,question,chat,1,23,5,user,multimodal,question,"[{""type"":""image"",""text"":""图片消息"",""url"":""https://img.alicdn.com/imgextra/i2/O1CN015faTZu2HLQmcnPmbZ_!!4611686018427387438-0-amp.jpg""}]",,online,2005531847143251970,立邦官方旗舰店:辰辰,军营天使63,立邦官方旗舰店,实物拍摄(含售后),裂缝,,裂缝
2012682763135438850,1976114002808741890,2,real,"{""thoughts"":[{""service"":""闲聊"",""intention"":""打招呼"",""created_at"":""2026-01-18T00:25:46.759+00:00""},{""service"":""闲聊"",""intention"":""打招呼"",""created_at"":""2026-01-18T00:25:59.819+00:00""},{""service"":""闲聊"",""intention"":""打招呼"",""created_at"":""2026-01-18T00:32:47.459+00:00""}],""recommend_contents"":[]}",3924700325973.PNM,question,chat,1,32,5,user,multimodal,question,"[{""type"":""image"",""text"":""图片消息"",""url"":""https://img.alicdn.com/imgextra/i1/O1CN018SDZJC1DS3sPWwbgY_!!4611686018427384294-0-amp.jpg""}]",,online,2005531847143251970,立邦官方旗舰店:辰辰,tb039976508,立邦官方旗舰店,实物拍摄(含售后),全部未分类,,全部未分类
2012682998683357185,1976114002808741890,2,real,"{""thoughts"":[{""service"":""其他"",""intention"":"""",""created_at"":""2026-01-18T00:26:49.824+00:00""}],""recommend_contents"":[]}",3933895428751.PNM,question,chat,1,25,2,user,multimodal,question,"[{""type"":""image"",""text"":""图片消息"",""url"":""https://img.alicdn.com/imgextra/i2/O1CN01YLRLEx1jmjSM92Cmo_!!4611686018427385551-0-amp.jpg""}]",,history,2005517408539951105,立邦官方旗舰店:昊昊,刀背上的蜗牛,立邦官方旗舰店,实物拍摄(含售后),全部未分类,,全部未分类
2012682998683357185,1976114002808741890,2,real,"{""thoughts"":[{""service"":""其他"",""intention"":"""",""created_at"":""2026-01-18T00:26:49.824+00:00""}],""recommend_contents"":[]}",3927782553293.PNM,question,chat,1,25,7,user,multimodal,question,"[{""type"":""image"",""text"":""图片消息"",""url"":""https://img.alicdn.com/imgextra/i2/O1CN01YLRLEx1jmjSM92Cmo_!!4611686018427385551-0-amp.jpg""}]",,online,2005517408539951105,立邦官方旗舰店:昊昊,刀背上的蜗牛,立邦官方旗舰店,实物拍摄(含售后),全部未分类,,全部未分类
2012683953978036225,1976114002808741890,2,real,"{""thoughts"":[{""service"":""家装行业相关"",""intention"":""局部修缮方案咨询"",""action"":""confirm_answer"",""created_at"":""2026-01-18T00:30:43.341+00:00""}],""recommend_contents"":[{""request_id"":""0bf2a7b9fc3483e03e0fbc9762782b54"",""recommend_items"":[{""id"":""631617350390"",""name"":""防水抗渗补墙膏"",""link"":""https://detail.tmall.com/item.htm?id=631617350390&skuId=5076161912206"",""type"":""item""},{""id"":""642365951516"",""name"":""净味补墙漆"",""link"":""https://detail.tmall.com/item.htm?id=754396076823&skuId=5371658086375"",""type"":""item""}]}]}",3933895493963.PNM,question,chat,1,11,1,user,multimodal,question,"[{""type"":""image"",""text"":""图片消息"",""url"":""https://img.alicdn.com/imgextra/i3/O1CN01GQjbdW280W9irlBzP_!!4611686018427386670-0-amp.jpg""}]",,history,2005531847143251970,立邦官方旗舰店:辰辰,tb773054748,立邦官方旗舰店,实物拍摄(含售后),全部未分类,,全部未分类
2012683953978036225,1976114002808741890,2,real,"{""thoughts"":[{""service"":""家装行业相关"",""intention"":""局部修缮方案咨询"",""action"":""confirm_answer"",""created_at"":""2026-01-18T00:30:43.341+00:00""}],""recommend_contents"":[{""request_id"":""0bf2a7b9fc3483e03e0fbc9762782b54"",""recommend_items"":[{""id"":""631617350390"",""name"":""防水抗渗补墙膏"",""link"":""https://detail.tmall.com/item.htm?id=631617350390&skuId=5076161912206"",""type"":""item""},{""id"":""642365951516"",""name"":""净味补墙漆"",""link"":""https://detail.tmall.com/item.htm?id=754396076823&skuId=5371658086375"",""type"":""item""}]}]}",3933905222415.PNM,question,chat,1,11,2,user,multimodal,question,"[{""type"":""image"",""text"":""图片消息"",""url"":""https://img.alicdn.com/imgextra/i2/O1CN01ewHGOJ280W9jYnfRq_!!4611686018427386670-0-amp.jpg""}]",,history,2005531847143251970,立邦官方旗舰店:辰辰,tb773054748,立邦官方旗舰店,实物拍摄(含售后),全部未分类,,全部未分类
2012683953978036225,1976114002808741890,2,real,"{""thoughts"":[{""service"":""家装行业相关"",""intention"":""局部修缮方案咨询"",""action"":""confirm_answer"",""created_at"":""2026-01-18T00:30:43.341+00:00""}],""recommend_contents"":[{""request_id"":""0bf2a7b9fc3483e03e0fbc9762782b54"",""recommend_items"":[{""id"":""631617350390"",""name"":""防水抗渗补墙膏"",""link"":""https://detail.tmall.com/item.htm?id=631617350390&skuId=5076161912206"",""type"":""item""},{""id"":""642365951516"",""name"":""净味补墙漆"",""link"":""https://detail.tmall.com/item.htm?id=754396076823&skuId=5371658086375"",""type"":""item""}]}]}",3934225504744.PNM,question,chat,1,11,3,user,multimodal,question,"[{""type"":""image"",""text"":""图片消息"",""url"":""https://img.alicdn.com/imgextra/i3/O1CN0119fZdk280W9jOhW7o_!!4611686018427386670-0-amp.jpg""}]",,history,2005531847143251970,立邦官方旗舰店:辰辰,tb773054748,立邦官方旗舰店,实物拍摄(含售后),裂缝,,全部未分类
2012683953978036225,1976114002808741890,2,real,"{""thoughts"":[{""service"":""家装行业相关"",""intention"":""局部修缮方案咨询"",""action"":""confirm_answer"",""created_at"":""2026-01-18T00:30:43.341+00:00""}],""recommend_contents"":[{""request_id"":""0bf2a7b9fc3483e03e0fbc9762782b54"",""recommend_items"":[{""id"":""631617350390"",""name"":""防水抗渗补墙膏"",""link"":""https://detail.tmall.com/item.htm?id=631617350390&skuId=5076161912206"",""type"":""item""},{""id"":""642365951516"",""name"":""净味补墙漆"",""link"":""https://detail.tmall.com/item.htm?id=754396076823&skuId=5371658086375"",""type"":""item""}]}]}",3927772852727.PNM,question,chat,1,11,4,user,multimodal,question,"[{""type"":""image"",""text"":""图片消息"",""url"":""https://img.alicdn.com/imgextra/i3/O1CN01OQk3aT280W9eXIxwS_!!4611686018427386670-0-amp.jpg""}]",,online,2005531847143251970,立邦官方旗舰店:辰辰,tb773054748,立邦官方旗舰店,实物拍摄(含售后),全部未分类,,全部未分类
2012685506833084417,1976114002808741890,2,real,"{""thoughts"":[{""service"":""商品咨询与推荐"",""intention"":""商品咨询与推荐-商品使用方法"",""created_at"":""2026-01-18T00:36:46.060+00:00""},{""service"":""闲聊"",""intention"":""情绪表达"",""created_at"":""2026-01-18T00:37:53.530+00:00""},{""service"":""商品咨询与推荐"",""intention"":""商品使用方法"",""created_at"":""2026-01-18T00:38:15.571+00:00""},{""service"":""商品咨询与推荐"",""intention"":""商品使用方法"",""created_at"":""2026-01-18T00:38:42.603+00:00""}],""recommend_contents"":[{""request_id"":""a4579b6b44711a5a77a76f3cc6ece282"",""recommend_items"":[{""id"":""860233892392"",""name"":""塑钢泥"",""link"":""https://detail.tmall.com/item.htm?id=687557769879&skuId=5328525937651"",""type"":""item""},{""id"":""681035295767"",""name"":""Gplus-防水防霉密封胶"",""link"":""https://detail.tmall.com/item.htm?id=681035295767&skuId=5931444260200"",""type"":""item""}]}]}",3934217977110.PNM,question,chat,1,17,12,user,multimodal,question,"[{""type"":""image"",""text"":""图片消息"",""url"":""https://img.alicdn.com/imgextra/i3/O1CN01FiqCnk1sfFWlrqCnX_!!4611686018427381985-0-amp.jpg""}]",,online,2005528769472028674,立邦官方旗舰店:森森,queen_619兔兔,立邦官方旗舰店,实物拍摄(含售后),全部未分类,,全部未分类
2012686049230016514,1976114002808741890,2,real,"{""recommend_contents"":[]}",3934225617132.PNM,question,chat,1,19,2,user,multimodal,question,"[{""type"":""image"",""text"":""图片消息"",""url"":""https://img.alicdn.com/imgextra/i2/O1CN01Pls6u11Pl5ioo3lRd_!!4611686018427383320-0-amp.jpg""}]",,history,2005517408539951105,立邦官方旗舰店:昊昊,krystal吴,立邦官方旗舰店,实物拍摄(含售后),起皮掉皮,,起皮掉皮
2012686049230016514,1976114002808741890,2,real,"{""recommend_contents"":[]}",3927784882789.PNM,question,chat,1,19,9,user,multimodal,question,"[{""type"":""image"",""text"":""图片消息"",""url"":""https://img.alicdn.com/imgextra/i4/O1CN012VPTfw1Pl5iqY8S1b_!!4611686018427383320-0-amp.jpg""}]",,history,2005517408539951105,立邦官方旗舰店:昊昊,krystal吴,立邦官方旗舰店,实物拍摄(含售后),起皮掉皮,,起皮掉皮
2012687067141459969,1976114002808741890,2,real,"{""thoughts"":[{""service"":""商品咨询与推荐"",""intention"":""适用场景匹配"",""created_at"":""2026-01-18T00:43:12.366+00:00""},{""service"":""商品咨询与推荐"",""intention"":""适用场景匹配"",""created_at"":""2026-01-18T00:43:56.299+00:00""},{""service"":""商品咨询与推荐"",""intention"":""适用场景匹配"",""created_at"":""2026-01-18T00:44:43.653+00:00""},{""service"":""商品咨询与推荐"",""intention"":""适用场景匹配-适用场景匹配"",""created_at"":""2026-01-18T00:45:44.603+00:00""},{""service"":""商品咨询与推荐"",""intention"":""适用场景匹配"",""created_at"":""2026-01-18T00:45:56.800+00:00""},{""service"":""商品咨询与推荐"",""intention"":""适用场景匹配"",""created_at"":""2026-01-18T00:48:05.893+00:00""},{""service"":""商品咨询与推荐"",""intention"":""适用场景匹配"",""created_at"":""2026-01-18T00:48:45.725+00:00""}],""recommend_contents"":[{""request_id"":""da66ed2249c4de768fbe29bc5bceab2a"",""recommend_items"":[{""id"":""691105749920"",""name"":""硅酮耐候密封胶"",""link"":""https://detail.tmall.com/item.htm?id=898376574521&skuId=5907331140240"",""type"":""item""}]}]}",3924720448419.PNM,question,chat,1,35,22,user,multimodal,question,"[{""type"":""image"",""text"":""图片消息"",""url"":""https://img.alicdn.com/imgextra/i4/O1CN01zD7Wma1Lc9WsF6FMA_!!4611686018427386855-0-amp.jpg""}]",,online,2005531847143251970,立邦官方旗舰店:辰辰,c0s0q,立邦官方旗舰店,实物拍摄(含售后),露出基层,,全部未分类
2012691362958077953,1976114002808741890,2,real,"{""recommend_contents"":[]}",3934227925244.PNM,question,chat,1,14,6,user,multimodal,question,"[{""type"":""image"",""text"":""图片消息"",""url"":""https://img.alicdn.com/imgextra/i1/O1CN01sERaIE1DdyArXu9yP_!!4611686018427387296-0-amp.jpg""}]",,history,2005528769472028674,立邦官方旗舰店:森森,tcmtif,立邦官方旗舰店,实物拍摄(含售后),涂鸦&污渍,,涂鸦&污渍
2012695989810188290,1976114002808741890,2,real,"{""thoughts"":[{""service"":""家装行业相关"",""intention"":""局部修缮方案咨询"",""created_at"":""2026-01-18T01:18:33.096+00:00""},{""service"":""家装行业相关"",""intention"":""局部修缮方案咨询"",""created_at"":""2026-01-18T01:33:17.947+00:00""}],""recommend_contents"":[{""request_id"":""79fbc7bdb2cbc6a3aa70245948a69e8c"",""recommend_items"":[{""id"":""990056317009"",""name"":""改色大滚刷补墙漆"",""link"":""https://detail.tmall.com/item.htm?id=990056317009&skuId=5956220328582"",""type"":""item""},{""id"":""754396076823"",""name"":""净味补墙漆"",""link"":""https://detail.tmall.com/item.htm?id=754396076823&skuId=5371658086375"",""type"":""item""},{""id"":""683405057562"",""name"":""易擦净墙面喷雾"",""link"":""https://detail.tmall.com/item.htm?id=683405057562&skuId=5863657677432"",""type"":""item""}]}]}",3932621168281.PNM,question,chat,1,54,5,user,multimodal,question,"[{""type"":""image"",""text"":""图片消息"",""url"":""https://img.alicdn.com/imgextra/i3/O1CN01TktY9x2JYNCshVakF_!!4611686018427384249-0-amp.jpg""}]",,history,1993596336734060545,彬彬,游戏迷wh,立邦官方旗舰店,实物拍摄(含售后),涂鸦&污渍,,露出基层
2012695989810188290,1976114002808741890,2,real,"{""thoughts"":[{""service"":""家装行业相关"",""intention"":""局部修缮方案咨询"",""created_at"":""2026-01-18T01:18:33.096+00:00""},{""service"":""家装行业相关"",""intention"":""局部修缮方案咨询"",""created_at"":""2026-01-18T01:33:17.947+00:00""}],""recommend_contents"":[{""request_id"":""79fbc7bdb2cbc6a3aa70245948a69e8c"",""recommend_items"":[{""id"":""990056317009"",""name"":""改色大滚刷补墙漆"",""link"":""https://detail.tmall.com/item.htm?id=990056317009&skuId=5956220328582"",""type"":""item""},{""id"":""754396076823"",""name"":""净味补墙漆"",""link"":""https://detail.tmall.com/item.htm?id=754396076823&skuId=5371658086375"",""type"":""item""},{""id"":""683405057562"",""name"":""易擦净墙面喷雾"",""link"":""https://detail.tmall.com/item.htm?id=683405057562&skuId=5863657677432"",""type"":""item""}]}]}",3927822762977.PNM,question,chat,1,54,11,user,multimodal,question,"[{""type"":""image"",""text"":""图片消息"",""url"":""https://img.alicdn.com/imgextra/i2/O1CN01nKB25G2JYNCsZ4R5W_!!4611686018427384249-0-amp.jpg""}]",,history,1993596336734060545,彬彬,游戏迷wh,立邦官方旗舰店,实物拍摄(含售后),涂鸦&污渍,,涂鸦&污渍
2012695989810188290,1976114002808741890,2,real,"{""thoughts"":[{""service"":""家装行业相关"",""intention"":""局部修缮方案咨询"",""created_at"":""2026-01-18T01:18:33.096+00:00""},{""service"":""家装行业相关"",""intention"":""局部修缮方案咨询"",""created_at"":""2026-01-18T01:33:17.947+00:00""}],""recommend_contents"":[{""request_id"":""79fbc7bdb2cbc6a3aa70245948a69e8c"",""recommend_items"":[{""id"":""990056317009"",""name"":""改色大滚刷补墙漆"",""link"":""https://detail.tmall.com/item.htm?id=990056317009&skuId=5956220328582"",""type"":""item""},{""id"":""754396076823"",""name"":""净味补墙漆"",""link"":""https://detail.tmall.com/item.htm?id=754396076823&skuId=5371658086375"",""type"":""item""},{""id"":""683405057562"",""name"":""易擦净墙面喷雾"",""link"":""https://detail.tmall.com/item.htm?id=683405057562&skuId=5863657677432"",""type"":""item""}]}]}",3924774264862.PNM,question,chat,1,54,12,user,multimodal,question,"[{""type"":""image"",""text"":""图片消息"",""url"":""https://img.alicdn.com/imgextra/i3/O1CN01zTu7aZ2JYNCt29xFG_!!4611686018427384249-0-amp.jpg""}]",,history,1993596336734060545,彬彬,游戏迷wh,立邦官方旗舰店,实物拍摄(含售后),露出基层,,涂鸦&污渍
2012696439315820545,1976114002808741890,2,real,"{""thoughts"":[{""service"":""商品咨询与推荐"",""intention"":""寻求商品推荐"",""created_at"":""2026-01-18T01:20:14.541+00:00""},{""service"":""商品咨询与推荐"",""intention"":""适用场景匹配"",""created_at"":""2026-01-18T01:22:34.157+00:00""}],""recommend_contents"":[{""request_id"":""22462e24189ea19deab8a5456ce8dd59"",""recommend_items"":[{""id"":""713558245540"",""name"":""水心砂"",""link"":""https://detail.tmall.com/item.htm?id=713558245540&skuId=6060808186597"",""type"":""item""}]},{""request_id"":""ee8092368dcb6f619fc8e302d5e2c6df"",""recommend_items"":[{""id"":""677855311287"",""name"":""优氧环氧彩砂"",""link"":""https://detail.tmall.com/item.htm?id=677855311287&skuId=5465119015899"",""type"":""item""},{""id"":""687139365462"",""name"":""优氧环氧彩砂"",""link"":""https://detail.tmall.com/item.htm?id=677855311287&skuId=5465119015899"",""type"":""item""}]}]}",3933969017509.PNM,question,chat,1,14,2,user,multimodal,question,"[{""type"":""image"",""text"":""图片消息"",""url"":""https://img.alicdn.com/imgextra/i1/O1CN01NnOe4B1lSEy2Tq7bd_!!4611686018427385713-0-amp.jpg""}]",,history,2005528769472028674,立邦官方旗舰店:森森,tb88225,立邦官方旗舰店,实物拍摄(含售后),全部未分类,,全部未分类
2012696778601459714,1976114002808741890,2,real,"{""thoughts"":[{""service"":""闲聊"",""intention"":""打招呼"",""created_at"":""2026-01-18T01:21:30.210+00:00""},{""service"":""闲聊"",""intention"":""打招呼"",""created_at"":""2026-01-18T01:22:13.744+00:00""},{""service"":""闲聊"",""intention"":""打招呼"",""created_at"":""2026-01-18T01:22:55.433+00:00""},{""service"":""闲聊"",""intention"":""打招呼"",""created_at"":""2026-01-18T01:23:07.322+00:00""},{""service"":""家装行业相关"",""intention"":""用料及面积计算"",""created_at"":""2026-01-18T02:00:32.300+00:00""},{""service"":""家装行业相关"",""intention"":""用料及面积计算"",""created_at"":""2026-01-18T02:01:01.484+00:00""}],""recommend_contents"":[{""request_id"":""726c472503ed1dc1621a04bc57cb7761"",""recommend_items"":[{""id"":""631617350390"",""name"":""防水抗渗补墙膏"",""link"":""https://detail.tmall.com/item.htm?id=631617350390&skuId=5076161912206"",""type"":""item""}]},{""request_id"":""59d3dd0810ae5cc93dcc5174d8f39d82"",""recommend_items"":[{""id"":""707733682195"",""name"":""固沙剂"",""link"":""https://detail.tmall.com/item.htm?id=707733682195&skuId=4973221021436"",""type"":""item""},{""id"":""631617350390"",""name"":""防水抗渗补墙膏"",""link"":""https://detail.tmall.com/item.htm?id=631617350390&skuId=5076161912206"",""type"":""item""},{""id"":""863831138785"",""name"":""大滚刷补墙漆"",""link"":""https://detail.tmall.com/item.htm?id=863831138785&skuId=5688639377746"",""type"":""item""}]}]}",3927824992082.PNM,question,chat,1,64,11,user,multimodal,question,"[{""type"":""image"",""text"":""图片消息"",""url"":""https://img.alicdn.com/imgextra/i2/O1CN01KxXpOz2DCUafDhVhv_!!4611686018427385133-0-amp.jpg""}]",,online,2005528769472028674,立邦官方旗舰店:森森,tb516374465,立邦官方旗舰店,实物拍摄(含售后),露出基层,,露出基层
2012696778601459714,1976114002808741890,2,real,"{""thoughts"":[{""service"":""闲聊"",""intention"":""打招呼"",""created_at"":""2026-01-18T01:21:30.210+00:00""},{""service"":""闲聊"",""intention"":""打招呼"",""created_at"":""2026-01-18T01:22:13.744+00:00""},{""service"":""闲聊"",""intention"":""打招呼"",""created_at"":""2026-01-18T01:22:55.433+00:00""},{""service"":""闲聊"",""intention"":""打招呼"",""created_at"":""2026-01-18T01:23:07.322+00:00""},{""service"":""家装行业相关"",""intention"":""用料及面积计算"",""created_at"":""2026-01-18T02:00:32.300+00:00""},{""service"":""家装行业相关"",""intention"":""用料及面积计算"",""created_at"":""2026-01-18T02:01:01.484+00:00""}],""recommend_contents"":[{""request_id"":""726c472503ed1dc1621a04bc57cb7761"",""recommend_items"":[{""id"":""631617350390"",""name"":""防水抗渗补墙膏"",""link"":""https://detail.tmall.com/item.htm?id=631617350390&skuId=5076161912206"",""type"":""item""}]},{""request_id"":""59d3dd0810ae5cc93dcc5174d8f39d82"",""recommend_items"":[{""id"":""707733682195"",""name"":""固沙剂"",""link"":""https://detail.tmall.com/item.htm?id=707733682195&skuId=4973221021436"",""type"":""item""},{""id"":""631617350390"",""name"":""防水抗渗补墙膏"",""link"":""https://detail.tmall.com/item.htm?id=631617350390&skuId=5076161912206"",""type"":""item""},{""id"":""863831138785"",""name"":""大滚刷补墙漆"",""link"":""https://detail.tmall.com/item.htm?id=863831138785&skuId=5688639377746"",""type"":""item""}]}]}",3927826923821.PNM,question,chat,1,64,20,user,multimodal,question,"[{""type"":""image"",""text"":""图片消息"",""url"":""https://img.alicdn.com/imgextra/i2/O1CN01B35dCw2DCUafFY4RQ_!!4611686018427385133-0-amp.jpg""}]",,online,2005528769472028674,立邦官方旗舰店:森森,tb516374465,立邦官方旗舰店,实物拍摄(含售后),起皮掉皮,,露出基层
2012698221851004930,1976114002808741890,2,real,"{""thoughts"":[{""service"":""其他"",""intention"":"""",""action"":""classify_wall_issue"",""created_at"":""2026-01-18T01:27:07.096+00:00""}],""recommend_contents"":[]}",3934273842822.PNM,question,chat,1,41,5,user,multimodal,question,"[{""type"":""image"",""text"":""图片消息"",""url"":""https://img.alicdn.com/imgextra/i2/O1CN01jxq7po2EiqBCb7xeu_!!4611686018427380043-0-amp.jpg""}]",,history,1993596336734060545,彬彬,qq462822545,立邦官方旗舰店,实物拍摄(含售后),露出基层,,裂缝
2012698221851004930,1976114002808741890,2,real,"{""thoughts"":[{""service"":""其他"",""intention"":"""",""action"":""classify_wall_issue"",""created_at"":""2026-01-18T01:27:07.096+00:00""}],""recommend_contents"":[]}",3934283613841.PNM,question,chat,1,41,6,user,multimodal,question,"[{""type"":""image"",""text"":""图片消息"",""url"":""https://img.alicdn.com/imgextra/i3/O1CN0143DjP02EiqBCsJCTT_!!4611686018427380043-0-amp.jpg""}]",,history,1993596336734060545,彬彬,qq462822545,立邦官方旗舰店,实物拍摄(含售后),全部未分类,,裂缝
2012700837582557186,1976114002808741890,2,real,"{""thoughts"":[{""service"":""其他"",""intention"":"""",""created_at"":""2026-01-18T01:37:42.089+00:00""}],""recommend_contents"":[]}",3933965357595.PNM,question,chat,1,68,3,user,multimodal,question,"[{""type"":""image"",""text"":""图片消息"",""url"":""https://img.alicdn.com/imgextra/i4/O1CN01uNloGh29Pznx6Loqt_!!4611686018427381917-0-amp.jpg""}]",,history,2005533006720319490,立邦官方旗舰店:清清,vanessa_木木夕,立邦官方旗舰店,实物拍摄(含售后),起皮掉皮,,起皮掉皮
2012700837582557186,1976114002808741890,2,real,"{""thoughts"":[{""service"":""其他"",""intention"":"""",""created_at"":""2026-01-18T01:37:42.089+00:00""}],""recommend_contents"":[]}",3924798034771.PNM,question,chat,1,68,9,user,multimodal,question,"[{""type"":""image"",""text"":""图片消息"",""url"":""https://img.alicdn.com/imgextra/i1/O1CN01gj0gkQ29PznwUzOkZ_!!4611686018427381917-0-amp.jpg""}]",,history,2005533006720319490,立邦官方旗舰店:清清,vanessa_木木夕,立邦官方旗舰店,实物拍摄(含售后),起皮掉皮,,起皮掉皮
2012700837582557186,1976114002808741890,2,real,"{""thoughts"":[{""service"":""其他"",""intention"":"""",""created_at"":""2026-01-18T01:37:42.089+00:00""}],""recommend_contents"":[]}",3924802180155.PNM,question,chat,1,68,13,user,multimodal,question,"[{""type"":""image"",""text"":""图片消息"",""url"":""https://img.alicdn.com/imgextra/i4/O1CN014goEZy29PznwE3jGJ_!!4611686018427381917-0-amp.jpg""}]",,history,2005533006720319490,立邦官方旗舰店:清清,vanessa_木木夕,立邦官方旗舰店,实物拍摄(含售后),起皮掉皮,,起皮掉皮
2012700837582557186,1976114002808741890,2,real,"{""thoughts"":[{""service"":""其他"",""intention"":"""",""created_at"":""2026-01-18T01:37:42.089+00:00""}],""recommend_contents"":[]}",3924812018059.PNM,question,chat,1,68,21,user,multimodal,question,"[{""type"":""image"",""text"":""图片消息"",""url"":""https://img.alicdn.com/imgextra/i1/O1CN01lHnDdL29PznwEE8aR_!!4611686018427381917-0-amp.jpg""}]",,online,2005533006720319490,立邦官方旗舰店:清清,vanessa_木木夕,立邦官方旗舰店,实物拍摄(含售后),起皮掉皮,,起皮掉皮
2012701751963873282,1976114002808741890,2,real,"{""thoughts"":[{""service"":""商品咨询与推荐"",""intention"":""适用场景匹配"",""created_at"":""2026-01-18T01:41:24.538+00:00""},{""service"":""商品咨询与推荐"",""intention"":""适用场景匹配"",""created_at"":""2026-01-18T01:47:58.771+00:00""},{""service"":""商品咨询与推荐"",""intention"":""适用场景匹配"",""created_at"":""2026-01-18T01:50:20.697+00:00""},{""service"":""家装行业相关"",""intention"":""局部修缮方案咨询"",""created_at"":""2026-01-18T01:51:25.981+00:00""},{""service"":""闲聊"",""intention"":""打招呼"",""created_at"":""2026-01-18T01:52:00.610+00:00""},{""service"":""闲聊"",""intention"":""打招呼"",""created_at"":""2026-01-18T01:58:48.019+00:00""},{""service"":""家装行业相关"",""intention"":""局部修缮方案咨询"",""created_at"":""2026-01-18T01:59:36.342+00:00""},{""service"":""商品咨询与推荐"",""intention"":""商品属性咨询"",""created_at"":""2026-01-18T04:23:16.965+00:00""},{""service"":""闲聊"",""intention"":""打招呼"",""created_at"":""2026-01-18T04:23:40.110+00:00""},{""service"":""家装行业相关"",""intention"":""其他家装建材问题"",""created_at"":""2026-01-18T04:24:37.902+00:00""},{""service"":""家装行业相关"",""intention"":""局部修缮方案咨询"",""created_at"":""2026-01-18T04:24:50.662+00:00""},{""service"":""家装行业相关"",""intention"":""局部修缮方案咨询"",""created_at"":""2026-01-18T04:26:27.198+00:00""},{""service"":""商品咨询与推荐"",""intention"":""适用场景匹配"",""created_at"":""2026-01-18T04:27:26.812+00:00""},{""service"":""商品咨询与推荐"",""intention"":""商品咨询与推荐-商品属性咨询"",""created_at"":""2026-01-18T04:28:00.627+00:00""}],""recommend_contents"":[{""request_id"":""9cfecd03900788cd303c12a265431a9f"",""recommend_items"":[{""id"":""993614613160"",""name"":""超抗裂补墙膏"",""link"":""https://detail.tmall.com/item.htm?id=631617350390&skuId=6060899030185"",""type"":""item""}]},{""request_id"":""bfda01eea52adbf29dde970f6cf7297a"",""recommend_items"":[{""id"":""631617350390"",""name"":""防水抗渗补墙膏"",""link"":""https://detail.tmall.com/item.htm?id=631617350390&skuId=5076161912206"",""type"":""item""},{""id"":""993614613160"",""name"":""超抗裂补墙膏"",""link"":""https://detail.tmall.com/item.htm?id=631617350390&skuId=6060899030185"",""type"":""item""}]},{""request_id"":""ea2eae51716476a805a2dcd074bb3b56"",""recommend_items"":[{""id"":""863831138785"",""name"":""大滚刷补墙漆"",""link"":""https://detail.tmall.com/item.htm?id=863831138785&skuId=5688639377746"",""type"":""item""}]},{""request_id"":""92db3f719ef6a0beee122d076ef24ea3"",""recommend_items"":[{""id"":""679565805664"",""name"":""门窗密封条"",""link"":""https://detail.tmall.com/item.htm?id=698277213141&skuId=5446343402216"",""type"":""item""},{""id"":""698277213141"",""name"":""门窗密封条"",""link"":""https://detail.tmall.com/item.htm?id=698277213141&skuId=5446343402216"",""type"":""item""}]},{""request_id"":""6e7f5f4d3c26f6cad85fcae2085e1440"",""recommend_items"":[{""id"":""993614613160"",""name"":""超抗裂补墙膏"",""link"":""https://detail.tmall.com/item.htm?id=631617350390&skuId=6060899030185"",""type"":""item""},{""id"":""714788418857"",""name"":""G30-长效防霉密封胶"",""link"":""https://detail.tmall.com/item.htm?id=681035295767&skuId=4979172292028"",""type"":""item""}]},{""request_id"":""ddfd28b03d1f485c68a1ffb71a04cbc5"",""recommend_items"":[{""id"":""631617350390"",""name"":""防水抗渗补墙膏"",""link"":""https://detail.tmall.com/item.htm?id=631617350390&skuId=5076161912206"",""type"":""item""}]},{""request_id"":""0eb7a718be9096c610b833ba182fcfd6"",""recommend_items"":[{""id"":""679124265044"",""name"":""净味补墙漆"",""link"":""https://detail.tmall.com/item.htm?id=754396076823&skuId=5371658086375"",""type"":""item""}]}]}",3924828181759.PNM,question,chat,1,55,30,user,multimodal,question,"[{""type"":""image"",""text"":""图片消息"",""url"":""https://img.alicdn.com/imgextra/i3/O1CN01F3eFpO2LamWM5Hlxk_!!4611686018427386797-0-amp.jpg""}]",,online,2005528769472028674,立邦官方旗舰店:森森,诗悦苗苗,立邦官方旗舰店,实物拍摄(含售后),裂缝,,裂缝
2012703012087984129,1976114002808741890,2,real,"{""thoughts"":[{""service"":""商品咨询与推荐"",""intention"":""适用场景匹配"",""action"":""confirm_answer"",""created_at"":""2026-01-18T01:46:21.788+00:00""},{""service"":""商品咨询与推荐"",""intention"":""适用场景匹配"",""created_at"":""2026-01-18T01:47:24.631+00:00""}],""recommend_contents"":[{""request_id"":""0eebd7a4bcead969aae45eb667893bfe"",""recommend_items"":[{""id"":""662110937733"",""name"":""瓷砖空鼓剂"",""link"":""https://detail.tmall.com/item.htm?id=662110937733&skuId=5595548391837"",""type"":""item""}]}]}",3933997198051.PNM,question,chat,1,47,19,user,multimodal,question,"[{""type"":""image"",""text"":""图片消息"",""url"":""https://img.alicdn.com/imgextra/i3/O1CN01IAqdCp1hOL8CohS47_!!4611686018427385579-0-amp.jpg""}]",,online,2005528769472028674,立邦官方旗舰店:森森,leebenwen,立邦官方旗舰店,实物拍摄(含售后),全部未分类,,全部未分类
2012704329344831490,1976114002808741890,2,real,"{""thoughts"":[{""service"":""其他"",""intention"":"""",""created_at"":""2026-01-18T01:51:33.602+00:00""}],""recommend_contents"":[]}",3934005313982.PNM,question,chat,1,11,6,user,multimodal,question,"[{""type"":""image"",""text"":""图片消息"",""url"":""https://img.alicdn.com/imgextra/i4/O1CN01Xuz3dE2DqnRbCGSul_!!4611686018427382869-0-amp.jpg""}]",,online,1993596336734060545,彬彬,我是的玩你,立邦官方旗舰店,实物拍摄(含售后),全部未分类,,全部未分类
2012707517288501249,1976114002808741890,2,real,"{""thoughts"":[{""service"":""商品咨询与推荐"",""intention"":""商品使用方法"",""created_at"":""2026-01-18T02:04:15.378+00:00""},{""service"":""商品咨询与推荐"",""intention"":""商品使用方法"",""created_at"":""2026-01-18T02:04:48.852+00:00""}],""recommend_contents"":[{""request_id"":""223151725035fe972a2813a444dbd02e"",""recommend_items"":[{""id"":""898092363287"",""name"":""防水抗渗补墙膏"",""link"":""https://detail.tmall.com/item.htm?id=631617350390&skuId=5076161912206"",""type"":""item""}]}]}",3934015427518.PNM,question,chat,1,24,8,user,multimodal,question,"[{""type"":""image"",""text"":""图片消息"",""url"":""https://img.alicdn.com/imgextra/i1/O1CN01pzTR0s1wbp1iF1uf2_!!4611686018427385303-0-amp.jpg""}]",,online,2005533006720319490,立邦官方旗舰店:清清,一抹绿1314,立邦官方旗舰店,实物拍摄(含售后),露出基层,,露出基层
2012707773713543170,1976114002808741890,2,real,"{""thoughts"":[{""service"":""商品咨询与推荐"",""intention"":""商品选型"",""action"":""confirm_answer"",""created_at"":""2026-01-18T02:05:25.782+00:00""}],""recommend_contents"":[{""request_id"":""8177e02db4c5684fe43880c62c1bda69"",""recommend_items"":[{""id"":""691105749920"",""name"":""硅酮耐候密封胶"",""link"":""https://detail.tmall.com/item.htm?id=898376574521&skuId=5907331140240"",""type"":""item""}]}]}",3924826316227.PNM,question,chat,1,20,11,user,multimodal,question,"[{""type"":""image"",""text"":""图片消息"",""url"":""https://img.alicdn.com/imgextra/i4/O1CN01bkoUNV2BTmJ5tODJh_!!4611686018427384052-0-amp.jpg""}]",,history,2005528769472028674,立邦官方旗舰店:森森,tb818178019,立邦官方旗舰店,实物拍摄(含售后),全部未分类,,全部未分类
2012710419830755329,1976114002808741890,2,real,"{""thoughts"":[{""service"":""其他"",""intention"":"""",""action"":""classify_wall_issue"",""created_at"":""2026-01-18T02:15:45.299+00:00""}],""recommend_contents"":[]}",3927894838107.PNM,question,chat,1,35,6,user,multimodal,question,"[{""type"":""image"",""text"":""图片消息"",""url"":""https://img.alicdn.com/imgextra/i1/O1CN01B9eE7d2JcxAQzyq0V_!!4611686018427383987-0-amp.jpg""}]",,history,2005531847143251970,立邦官方旗舰店:辰辰,nihao4271100,立邦官方旗舰店,实物拍摄(含售后),起皮掉皮,,起皮掉皮
2012710534578524162,1976114002808741890,2,real,"{""thoughts"":[{""service"":""商品咨询与推荐"",""intention"":""适用场景匹配"",""created_at"":""2026-01-18T02:16:18.286+00:00""},{""service"":""闲聊"",""intention"":""打招呼"",""created_at"":""2026-01-18T02:17:04.781+00:00""},{""service"":""闲聊"",""intention"":""打招呼"",""created_at"":""2026-01-18T02:17:39.893+00:00""}],""recommend_contents"":[{""request_id"":""30e5272a9b79521f5879881acbddb665"",""recommend_items"":[{""id"":""631617350390"",""name"":""防水抗渗补墙膏"",""link"":""https://detail.tmall.com/item.htm?id=631617350390&skuId=5076161912206"",""type"":""item""},{""id"":""898092363287"",""name"":""防水抗渗补墙膏"",""link"":""https://detail.tmall.com/item.htm?id=631617350390&skuId=5076161912206"",""type"":""item""}]},{""request_id"":""d4c0debbfed24517f0c7b8c44125f1b6"",""recommend_items"":[{""id"":""631617350390"",""name"":""防水抗渗补墙膏"",""link"":""https://detail.tmall.com/item.htm?id=631617350390&skuId=5076161912206"",""type"":""item""}]}]}",3934359834781.PNM,question,chat,1,36,4,user,multimodal,question,"[{""type"":""image"",""text"":""图片消息"",""url"":""https://img.alicdn.com/imgextra/i1/O1CN01M74pMw1VCBE6ZgaJl_!!4611686018427384024-0-amp.jpg""}]",,history,2005533006720319490,立邦官方旗舰店:清清,zye845455,立邦官方旗舰店,实物拍摄(含售后),露出基层,,露出基层
2012710534578524162,1976114002808741890,2,real,"{""thoughts"":[{""service"":""商品咨询与推荐"",""intention"":""适用场景匹配"",""created_at"":""2026-01-18T02:16:18.286+00:00""},{""service"":""闲聊"",""intention"":""打招呼"",""created_at"":""2026-01-18T02:17:04.781+00:00""},{""service"":""闲聊"",""intention"":""打招呼"",""created_at"":""2026-01-18T02:17:39.893+00:00""}],""recommend_contents"":[{""request_id"":""30e5272a9b79521f5879881acbddb665"",""recommend_items"":[{""id"":""631617350390"",""name"":""防水抗渗补墙膏"",""link"":""https://detail.tmall.com/item.htm?id=631617350390&skuId=5076161912206"",""type"":""item""},{""id"":""898092363287"",""name"":""防水抗渗补墙膏"",""link"":""https://detail.tmall.com/item.htm?id=631617350390&skuId=5076161912206"",""type"":""item""}]},{""request_id"":""d4c0debbfed24517f0c7b8c44125f1b6"",""recommend_items"":[{""id"":""631617350390"",""name"":""防水抗渗补墙膏"",""link"":""https://detail.tmall.com/item.htm?id=631617350390&skuId=5076161912206"",""type"":""item""}]}]}",3927920577121.PNM,question,chat,1,36,16,user,multimodal,question,"[{""type"":""image"",""text"":""图片消息"",""url"":""https://img.alicdn.com/imgextra/i4/O1CN01RaGxct1VCBE6stxE2_!!4611686018427384024-0-amp.jpg""}]",,online,2005533006720319490,立邦官方旗舰店:清清,zye845455,立邦官方旗舰店,实物拍摄(含售后),起皮掉皮,,起皮掉皮
2012713337984208898,1976114002808741890,2,real,"{""thoughts"":[{""service"":""商品咨询与推荐"",""intention"":""商品效果预期"",""created_at"":""2026-01-18T02:27:22.033+00:00""},{""service"":""商品咨询与推荐"",""intention"":""商品效果预期"",""created_at"":""2026-01-18T02:27:48.169+00:00""},{""service"":""商品咨询与推荐"",""intention"":""商品效果预期"",""created_at"":""2026-01-18T02:28:08.066+00:00""}],""recommend_contents"":[{""request_id"":""edbdbbeb86fbffadb54a3330205195d7"",""recommend_items"":[{""id"":""959097600548"",""name"":""超抗裂补墙膏"",""link"":""https://detail.tmall.com/item.htm?id=631617350390&skuId=6060899030185"",""type"":""item""}]},{""request_id"":""d0e9525ce82397c19773e5ba3545855c"",""recommend_items"":[{""id"":""631617350390"",""name"":""防水抗渗补墙膏"",""link"":""https://detail.tmall.com/item.htm?id=631617350390&skuId=5076161912206"",""type"":""item""}]}]}",3934051359168.PNM,question,chat,1,36,15,user,multimodal,question,"[{""type"":""image"",""text"":""图片消息"",""url"":""https://img.alicdn.com/imgextra/i1/O1CN01cmq3AU1nb3pIibIEW_!!4611686018427381683-0-amp.jpg""}]",,online,2005531847143251970,立邦官方旗舰店:辰辰,dlyjy07,立邦官方旗舰店,实物拍摄(含售后),起皮掉皮,,起皮掉皮
2012713871289962497,1976114002808741890,2,real,"{""thoughts"":[{""service"":""商品咨询与推荐"",""intention"":""适用场景匹配"",""action"":""estimate_material_quantity"",""created_at"":""2026-01-18T02:29:36.708+00:00""}],""recommend_contents"":[{""request_id"":""b2a089306d4e2796cc0b601949966289"",""recommend_items"":[{""id"":""863831138785"",""name"":""大滚刷补墙漆"",""link"":""https://detail.tmall.com/item.htm?id=863831138785&skuId=5688639377746"",""type"":""item""},{""id"":""990056317009"",""name"":""改色大滚刷补墙漆"",""link"":""https://detail.tmall.com/item.htm?id=990056317009&skuId=5956220328582"",""type"":""item""},{""id"":""679124265044"",""name"":""净味补墙漆"",""link"":""https://detail.tmall.com/item.htm?id=754396076823&skuId=5371658086375"",""type"":""item""}]}]}",3934045461474.PNM,question,chat,1,29,2,user,multimodal,question,"[{""type"":""image"",""text"":""图片消息"",""url"":""https://img.alicdn.com/imgextra/i2/O1CN01iRFcwp1uN31D1uY8O_!!4611686018427385208-0-amp.jpg""}]",,history,2005533006720319490,立邦官方旗舰店:清清,yh涵耶,立邦官方旗舰店,实物拍摄(含售后),起皮掉皮,,裂缝
2012715243875946497,1976114002808741890,2,real,"{""thoughts"":[{""service"":""商品咨询与推荐"",""intention"":""寻求商品推荐"",""created_at"":""2026-01-18T02:35:00.853+00:00""},{""service"":""商品咨询与推荐"",""intention"":""寻求商品推荐"",""created_at"":""2026-01-18T02:36:52.616+00:00""},{""service"":""商品咨询与推荐"",""intention"":""寻求商品推荐"",""action"":""confirm_answer"",""created_at"":""2026-01-18T02:49:03.780+00:00""}],""recommend_contents"":[{""request_id"":""0646f3354f01452adbf2d0a3e5b46b9e"",""recommend_items"":[{""id"":""687242199187"",""name"":""立邦美缝试色"",""link"":"""",""type"":""item""}]},{""request_id"":""b3e0065de7765d394f98b245b98c67b6"",""recommend_items"":[{""id"":""677855311287"",""name"":""优氧环氧彩砂"",""link"":""https://detail.tmall.com/item.htm?id=677855311287&skuId=5465119015899"",""type"":""item""}]}]}",3934385790645.PNM,question,chat,1,60,5,user,multimodal,question,"[{""type"":""image"",""text"":""图片消息"",""url"":""https://img.alicdn.com/imgextra/i4/O1CN018yWZcA1MjljOb140g_!!4611686018427387615-0-amp.jpg""}]",,history,2005533006720319490,立邦官方旗舰店:清清,观柒不语,立邦官方旗舰店,实物拍摄(含售后),全部未分类,,全部未分类
2012716335594557441,1976114002808741890,2,real,"{""thoughts"":[{""service"":""商品咨询与推荐"",""intention"":""寻求商品推荐"",""action"":""confirm_answer"",""created_at"":""2026-01-18T02:39:27.372+00:00""},{""service"":""商品咨询与推荐"",""intention"":""寻求商品推荐"",""action"":""confirm_answer"",""created_at"":""2026-01-18T02:41:10.638+00:00""}],""recommend_contents"":[{""request_id"":""ae23d7602d6d9b35d95a045d0bb02fa5"",""recommend_items"":[{""id"":""646462741613"",""name"":""防水防霉美缝修补膏"",""link"":""https://detail.tmall.com/item.htm?id=646462741613&skuId=5254342947647"",""type"":""item""}]},{""request_id"":""f71e3300d3c93f2964160308f7043d7c"",""recommend_items"":[{""id"":""653801641911"",""name"":""抗菌优氧水性美缝"",""link"":""https://detail.tmall.com/item.htm?id=653801641911&skuId=5129515900825"",""type"":""item""},{""id"":""713558245540"",""name"":""水心砂"",""link"":""https://detail.tmall.com/item.htm?id=713558245540&skuId=6060808186597"",""type"":""item""},{""id"":""629989985057"",""name"":""甄美缝"",""link"":""https://detail.tmall.com/item.htm?id=629989985057&skuId=5890656841007"",""type"":""item""}]}]}",3934085019138.PNM,question,chat,1,29,5,user,multimodal,question,"[{""type"":""image"",""text"":""图片消息"",""url"":""https://img.alicdn.com/imgextra/i2/O1CN01PunQ4c2IyBuxz0JUK_!!4611686018427384426-0-amp.jpg""}]",,history,2005533006720319490,立邦官方旗舰店:清清,做最好的自己1004,立邦官方旗舰店,实物拍摄(含售后),裂缝,,裂缝
2012716335594557441,1976114002808741890,2,real,"{""thoughts"":[{""service"":""商品咨询与推荐"",""intention"":""寻求商品推荐"",""action"":""confirm_answer"",""created_at"":""2026-01-18T02:39:27.372+00:00""},{""service"":""商品咨询与推荐"",""intention"":""寻求商品推荐"",""action"":""confirm_answer"",""created_at"":""2026-01-18T02:41:10.638+00:00""}],""recommend_contents"":[{""request_id"":""ae23d7602d6d9b35d95a045d0bb02fa5"",""recommend_items"":[{""id"":""646462741613"",""name"":""防水防霉美缝修补膏"",""link"":""https://detail.tmall.com/item.htm?id=646462741613&skuId=5254342947647"",""type"":""item""}]},{""request_id"":""f71e3300d3c93f2964160308f7043d7c"",""recommend_items"":[{""id"":""653801641911"",""name"":""抗菌优氧水性美缝"",""link"":""https://detail.tmall.com/item.htm?id=653801641911&skuId=5129515900825"",""type"":""item""},{""id"":""713558245540"",""name"":""水心砂"",""link"":""https://detail.tmall.com/item.htm?id=713558245540&skuId=6060808186597"",""type"":""item""},{""id"":""629989985057"",""name"":""甄美缝"",""link"":""https://detail.tmall.com/item.htm?id=629989985057&skuId=5890656841007"",""type"":""item""}]}]}",3924894097568.PNM,question,chat,1,29,6,user,multimodal,question,"[{""type"":""image"",""text"":""图片消息"",""url"":""https://img.alicdn.com/imgextra/i2/O1CN01FH7C9N2IyBuxln7Lf_!!4611686018427384426-0-amp.jpg""}]",,history,2005533006720319490,立邦官方旗舰店:清清,做最好的自己1004,立邦官方旗舰店,实物拍摄(含售后),全部未分类,,全部未分类
2012716356289253377,1976114002808741890,2,real,"{""thoughts"":[{""service"":""其他"",""intention"":"""",""created_at"":""2026-01-18T02:39:21.156+00:00""}],""recommend_contents"":[]}",3934073209624.PNM,question,chat,1,29,4,user,multimodal,question,"[{""type"":""image"",""text"":""图片消息"",""url"":""https://img.alicdn.com/imgextra/i3/O1CN01wUbkI21rHbSmSAjXD_!!4611686018427387702-0-amp.jpg""}]",,history,2005531847143251970,立邦官方旗舰店:辰辰,hzbaozd,立邦官方旗舰店,实物拍摄(含售后),裂缝,,裂缝
2012716356289253377,1976114002808741890,2,real,"{""thoughts"":[{""service"":""其他"",""intention"":"""",""created_at"":""2026-01-18T02:39:21.156+00:00""}],""recommend_contents"":[]}",3934401725420.PNM,question,chat,1,29,9,user,multimodal,question,"[{""type"":""image"",""text"":""图片消息"",""url"":""https://img.alicdn.com/imgextra/i2/O1CN013m6Ncn1rHbSml8Z7b_!!4611686018427387702-0-amp.jpg""}]",,history,2005531847143251970,立邦官方旗舰店:辰辰,hzbaozd,立邦官方旗舰店,实物拍摄(含售后),露出基层,,露出基层
2012716722818969601,1976114002808741890,2,real,"{""thoughts"":[{""service"":""家装行业相关"",""intention"":""局部修缮方案咨询"",""created_at"":""2026-01-18T02:40:57.559+00:00""},{""service"":""商品咨询与推荐"",""intention"":""商品用量咨询"",""action"":""estimate_material_quantity"",""created_at"":""2026-01-18T02:44:03.763+00:00""},{""service"":""商品咨询与推荐"",""intention"":""商品用量咨询"",""created_at"":""2026-01-18T02:44:24.137+00:00""},{""service"":""商品咨询与推荐"",""intention"":""商品用量咨询"",""created_at"":""2026-01-18T02:44:57.092+00:00""},{""service"":""家装行业相关"",""intention"":""局部修缮方案咨询"",""created_at"":""2026-01-18T02:45:54.672+00:00""},{""service"":""商品咨询与推荐"",""intention"":""适用场景匹配"",""created_at"":""2026-01-18T02:49:33.562+00:00""},{""service"":""商品咨询与推荐"",""intention"":""适用场景匹配"",""created_at"":""2026-01-18T02:50:16.600+00:00""},{""service"":""商品咨询与推荐"",""intention"":""商品用量咨询"",""created_at"":""2026-01-18T02:50:55.365+00:00""},{""service"":""商品咨询与推荐"",""intention"":""商品用量咨询"",""created_at"":""2026-01-18T02:51:52.479+00:00""}],""recommend_contents"":[{""request_id"":""581bfa6723e494ff752231115f1bc79d"",""recommend_items"":[{""id"":""685332914806"",""name"":""瓷砖修补膏"",""link"":""https://detail.tmall.com/item.htm?id=685332914806&skuId=5482066502203"",""type"":""item""}]}]}",3934075016176.PNM,question,chat,1,50,1,user,multimodal,question,"[{""type"":""image"",""text"":""图片消息"",""url"":""https://img.alicdn.com/imgextra/i3/O1CN01q8L0b21CaTXKv90jZ_!!4611686018427379889-0-amp.jpg""}]",,history,2005528769472028674,立邦官方旗舰店:森森,罗文娟03335503,立邦官方旗舰店,实物拍摄(含售后),裂缝,,裂缝
2012717047363751937,1976114002808741890,2,real,"{""thoughts"":[{""service"":""商品咨询与推荐"",""intention"":""商品对比"",""created_at"":""2026-01-18T02:42:15.989+00:00""},{""service"":""闲聊"",""intention"":""打招呼"",""created_at"":""2026-01-18T02:42:51.945+00:00""},{""service"":""闲聊"",""intention"":""打招呼"",""created_at"":""2026-01-18T02:43:17.298+00:00""},{""service"":""商品咨询与推荐"",""intention"":""商品使用方法"",""created_at"":""2026-01-18T02:44:34.249+00:00""},{""service"":""商品咨询与推荐"",""intention"":""商品使用方法"",""created_at"":""2026-01-18T02:44:47.320+00:00""}],""recommend_contents"":[{""request_id"":""3b9202adfcf4da8884df162a13724231"",""recommend_items"":[{""id"":""863831138785"",""name"":""大滚刷补墙漆"",""link"":""https://detail.tmall.com/item.htm?id=863831138785&skuId=5688639377746"",""type"":""item""}]},{""request_id"":""821f0ead1fd8646c0668da3a8d762603"",""recommend_items"":[{""id"":""959097600548"",""name"":""超抗裂补墙膏"",""link"":""https://detail.tmall.com/item.htm?id=631617350390&skuId=6060899030185"",""type"":""item""}]}]}",3924872486128.PNM,question,chat,1,75,2,user,multimodal,question,"[{""type"":""image"",""text"":""图片消息"",""url"":""https://img.alicdn.com/imgextra/i3/O1CN01N1KC921Yftm1Icf6y_!!4611686018427380895-0-amp.jpg""}]",,history,2005533006720319490,立邦官方旗舰店:清清,wwlyn315,立邦官方旗舰店,实物拍摄(含售后),起皮掉皮,,起皮掉皮
2012717047363751937,1976114002808741890,2,real,"{""thoughts"":[{""service"":""商品咨询与推荐"",""intention"":""商品对比"",""created_at"":""2026-01-18T02:42:15.989+00:00""},{""service"":""闲聊"",""intention"":""打招呼"",""created_at"":""2026-01-18T02:42:51.945+00:00""},{""service"":""闲聊"",""intention"":""打招呼"",""created_at"":""2026-01-18T02:43:17.298+00:00""},{""service"":""商品咨询与推荐"",""intention"":""商品使用方法"",""created_at"":""2026-01-18T02:44:34.249+00:00""},{""service"":""商品咨询与推荐"",""intention"":""商品使用方法"",""created_at"":""2026-01-18T02:44:47.320+00:00""}],""recommend_contents"":[{""request_id"":""3b9202adfcf4da8884df162a13724231"",""recommend_items"":[{""id"":""863831138785"",""name"":""大滚刷补墙漆"",""link"":""https://detail.tmall.com/item.htm?id=863831138785&skuId=5688639377746"",""type"":""item""}]},{""request_id"":""821f0ead1fd8646c0668da3a8d762603"",""recommend_items"":[{""id"":""959097600548"",""name"":""超抗裂补墙膏"",""link"":""https://detail.tmall.com/item.htm?id=631617350390&skuId=6060899030185"",""type"":""item""}]}]}",3924922239680.PNM,question,chat,1,75,32,user,multimodal,question,"[{""type"":""image"",""text"":""图片消息"",""url"":""https://img.alicdn.com/imgextra/i1/O1CN01NGsK391Yftm1VBE95_!!4611686018427380895-0-amp.jpg""}]",,online,2005533006720319490,立邦官方旗舰店:清清,wwlyn315,立邦官方旗舰店,实物拍摄(含售后),起皮掉皮,,露出基层
2012717052396916737,1976114002808741890,2,real,"{""thoughts"":[{""service"":""商品咨询与推荐"",""intention"":""适用场景匹配"",""created_at"":""2026-01-18T02:42:14.822+00:00""},{""service"":""商品咨询与推荐"",""intention"":""适用场景匹配"",""created_at"":""2026-01-18T02:44:14.586+00:00""}],""recommend_contents"":[{""request_id"":""75316fb541a0dd802778274eab236d5e"",""recommend_items"":[{""id"":""631617350390"",""name"":""防水抗渗补墙膏"",""link"":""https://detail.tmall.com/item.htm?id=631617350390&skuId=5076161912206"",""type"":""item""}]}]}",3927942643008.PNM,question,chat,1,25,6,user,multimodal,question,"[{""type"":""image"",""text"":""图片消息"",""url"":""https://img.alicdn.com/imgextra/i4/O1CN01k3A7u11r17CkY8wwb_!!4611686018427379890-0-amp.jpg""}]",,history,2005531847143251970,立邦官方旗舰店:辰辰,only萨,立邦官方旗舰店,实物拍摄(含售后),起皮掉皮,,起皮掉皮
2012717943554371586,1976114002808741890,2,real,"{""thoughts"":[{""service"":""商品咨询与推荐"",""intention"":""适用场景匹配"",""created_at"":""2026-01-18T02:45:49.173+00:00""},{""service"":""商品咨询与推荐"",""intention"":""适用场景匹配"",""created_at"":""2026-01-18T02:46:09.043+00:00""}],""recommend_contents"":[{""request_id"":""3fadc8450e62eccfcbd02692f489cae4"",""recommend_items"":[{""id"":""687557769879"",""name"":""塑钢泥"",""link"":""https://detail.tmall.com/item.htm?id=687557769879&skuId=5328525937651"",""type"":""item""}]}]}",3924896253287.PNM,question,chat,1,62,9,user,multimodal,question,"[{""type"":""image"",""text"":""图片消息"",""url"":""https://img.alicdn.com/imgextra/i1/O1CN01ZChFBV1HRq9F00A6A_!!4611686018427387667-0-amp.jpg""}]",,history,2005528769472028674,立邦官方旗舰店:森森,zxh123422479,立邦官方旗舰店,实物拍摄(含售后),起皮掉皮,,起皮掉皮
2012717943554371586,1976114002808741890,2,real,"{""thoughts"":[{""service"":""商品咨询与推荐"",""intention"":""适用场景匹配"",""created_at"":""2026-01-18T02:45:49.173+00:00""},{""service"":""商品咨询与推荐"",""intention"":""适用场景匹配"",""created_at"":""2026-01-18T02:46:09.043+00:00""}],""recommend_contents"":[{""request_id"":""3fadc8450e62eccfcbd02692f489cae4"",""recommend_items"":[{""id"":""687557769879"",""name"":""塑钢泥"",""link"":""https://detail.tmall.com/item.htm?id=687557769879&skuId=5328525937651"",""type"":""item""}]}]}",3934099138390.PNM,question,chat,1,62,17,user,multimodal,question,"[{""type"":""image"",""text"":""图片消息"",""url"":""https://img.alicdn.com/imgextra/i4/O1CN01fEJdDn1HRq9FBHGCu_!!4611686018427387667-0-amp.jpg""}]",,online,2005528769472028674,立邦官方旗舰店:森森,zxh123422479,立邦官方旗舰店,实物拍摄(含售后),涂鸦&污渍,,起皮掉皮
2012718572899225602,1976114002808741890,2,real,"{""thoughts"":[{""service"":""商品咨询与推荐"",""intention"":""适用场景匹配"",""created_at"":""2026-01-18T02:48:08.420+00:00""},{""service"":""商品咨询与推荐"",""intention"":""适用场景匹配"",""created_at"":""2026-01-18T02:48:21.488+00:00""}],""recommend_contents"":[{""request_id"":""d76d57afe5b3d3c068cf4656d91543c0"",""recommend_items"":[{""id"":""968972165791"",""name"":""塑钢泥"",""link"":""https://detail.tmall.com/item.htm?id=687557769879&skuId=5328525937651"",""type"":""item""}]}]}",3934109009568.PNM,question,chat,1,74,15,user,multimodal,question,"[{""type"":""image"",""text"":""图片消息"",""url"":""https://img.alicdn.com/imgextra/i1/O1CN01IiXsiD1zsiU3Xam3k_!!4611686018427387074-0-amp.jpg""}]",,online,1993596336734060545,彬彬,79蓉儿angel,立邦官方旗舰店,实物拍摄(含售后),裂缝,,裂缝
2012719893278707714,1976114002808741890,2,real,"{""thoughts"":[{""service"":""家装行业相关"",""intention"":""局部修缮方案咨询"",""created_at"":""2026-01-18T02:53:25.493+00:00""},{""service"":""家装行业相关"",""intention"":""局部修缮方案咨询"",""created_at"":""2026-01-18T02:54:22.972+00:00""},{""service"":""家装行业相关"",""intention"":""局部修缮方案咨询"",""created_at"":""2026-01-18T02:56:03.402+00:00""}],""recommend_contents"":[{""request_id"":""2f57366ee583be191fa4bdc7eaf295aa"",""recommend_items"":[{""id"":""685332914806"",""name"":""瓷砖修补膏"",""link"":""https://detail.tmall.com/item.htm?id=685332914806&skuId=5482066502203"",""type"":""item""}]}]}",3927966810534.PNM,question,chat,1,23,17,user,multimodal,question,"[{""type"":""image"",""text"":""图片消息"",""url"":""https://img.alicdn.com/imgextra/i2/O1CN01NB1m0Y1Kq3wU9MmTG_!!4611686018427380014-0-amp.jpg""}]",,online,2005533006720319490,立邦官方旗舰店:清清,小雪194,立邦官方旗舰店,实物拍摄(含售后),涂鸦&污渍,,涂鸦&污渍
2012722703613382657,1976114002808741890,2,real,"{""thoughts"":[{""service"":""商品咨询与推荐"",""intention"":""适用场景匹配"",""created_at"":""2026-01-18T03:04:43.043+00:00""}],""recommend_contents"":[{""request_id"":""a21c4d12340f920ef342f385b8217926"",""recommend_items"":[{""id"":""568825679747"",""name"":""净味柔性抗裂防水"",""link"":""https://detail.tmall.com/item.htm?id=568825679747&skuId=5802510442264"",""type"":""item""},{""id"":""651110935589"",""name"":""快涂宝5合1彩色防水"",""link"":""https://detail.tmall.com/item.htm?id=651110935589&skuId=5495056322752"",""type"":""item""}]}]}",3934445739643.PNM,question,chat,1,41,6,user,multimodal,question,"[{""type"":""image"",""text"":""图片消息"",""url"":""https://img.alicdn.com/imgextra/i2/O1CN01mYHP301UnRq4N4s3l_!!4611686018427380754-0-amp.jpg""}]",,history,2005531847143251970,立邦官方旗舰店:辰辰,shuiyuntian2010,立邦官方旗舰店,实物拍摄(含售后),起皮掉皮,,露出基层
2012723087501250561,1976114002808741890,2,real,"{""thoughts"":[{""service"":""闲聊"",""intention"":""打招呼"",""created_at"":""2026-01-18T03:06:01.678+00:00""},{""service"":""闲聊"",""intention"":""打招呼"",""created_at"":""2026-01-18T03:06:13.169+00:00""}],""recommend_contents"":[]}",3924946295796.PNM,question,chat,1,25,7,user,multimodal,question,"[{""type"":""image"",""text"":""图片消息"",""url"":""https://img.alicdn.com/imgextra/i2/O1CN01bGTlzd20pLBEmGcwc_!!4611686018427386610-0-amp.jpg""}]",,online,2005533006720319490,立邦官方旗舰店:清清,朗月清风55803666,立邦官方旗舰店,实物拍摄(含售后),起皮掉皮,,起皮掉皮
2012723459756191746,1976114002808741890,2,real,"{""thoughts"":[{""service"":""商品咨询与推荐"",""intention"":""适用场景匹配"",""created_at"":""2026-01-18T03:07:39.088+00:00""},{""service"":""商品咨询与推荐"",""intention"":""适用场景匹配"",""created_at"":""2026-01-18T03:09:01.096+00:00""},{""service"":""商品咨询与推荐"",""intention"":""适用场景匹配"",""action"":""classify_wall_issue"",""created_at"":""2026-01-18T03:11:20.327+00:00""}],""recommend_contents"":[{""request_id"":""0d1809e0964a0c29661533a7e7ad589b"",""recommend_items"":[{""id"":""833654867738"",""name"":""水性木器漆（纯白）"",""link"":""https://detail.tmall.com/item.htm?id=684081098522&skuId=5765559817607"",""type"":""item""}]}]}",3927978602091.PNM,question,chat,1,33,5,user,multimodal,question,"[{""type"":""image"",""text"":""图片消息"",""url"":""https://img.alicdn.com/imgextra/i3/O1CN01xlvhZb2DM6uKshfMB_!!4611686018427386418-0-amp.jpg""}]",,history,2005528769472028674,立邦官方旗舰店:森森,12345刘馨,立邦官方旗舰店,实物拍摄(含售后),涂鸦&污渍,,全部未分类
2012723459756191746,1976114002808741890,2,real,"{""thoughts"":[{""service"":""商品咨询与推荐"",""intention"":""适用场景匹配"",""created_at"":""2026-01-18T03:07:39.088+00:00""},{""service"":""商品咨询与推荐"",""intention"":""适用场景匹配"",""created_at"":""2026-01-18T03:09:01.096+00:00""},{""service"":""商品咨询与推荐"",""intention"":""适用场景匹配"",""action"":""classify_wall_issue"",""created_at"":""2026-01-18T03:11:20.327+00:00""}],""recommend_contents"":[{""request_id"":""0d1809e0964a0c29661533a7e7ad589b"",""recommend_items"":[{""id"":""833654867738"",""name"":""水性木器漆（纯白）"",""link"":""https://detail.tmall.com/item.htm?id=684081098522&skuId=5765559817607"",""type"":""item""}]}]}",3924960390452.PNM,question,chat,1,33,15,user,multimodal,question,"[{""type"":""image"",""text"":""图片消息"",""url"":""https://img.alicdn.com/imgextra/i2/O1CN01C8IVQ92DM6uKsrjlV_!!4611686018427386418-0-amp.jpg""}]",,online,2005528769472028674,立邦官方旗舰店:森森,12345刘馨,立邦官方旗舰店,实物拍摄(含售后),全部未分类,,全部未分类
2012726973395955713,1976114002808741890,2,real,"{""thoughts"":[{""service"":""其他"",""intention"":"""",""created_at"":""2026-01-18T03:21:23.539+00:00""}],""recommend_contents"":[]}",3924964427953.PNM,question,chat,1,27,4,user,multimodal,question,"[{""type"":""image"",""text"":""图片消息"",""url"":""https://img.alicdn.com/imgextra/i1/O1CN012KwuUz29WPLixm106_!!4611686018427380699-0-amp.jpg""}]",,history,2005528769472028674,立邦官方旗舰店:森森,shenxinpzb,立邦官方旗舰店,实物拍摄(含售后),起皮掉皮,,露出基层
2012729380446228481,1976114002808741890,2,real,"{""thoughts"":[{""service"":""商品咨询与推荐"",""intention"":""适用场景匹配"",""created_at"":""2026-01-18T03:31:08.883+00:00""},{""service"":""商品咨询与推荐"",""intention"":""适用场景匹配"",""created_at"":""2026-01-18T03:31:21.644+00:00""},{""service"":""家装行业相关"",""intention"":""工具配套"",""created_at"":""2026-01-18T04:05:26.847+00:00""}],""recommend_contents"":[{""request_id"":""e1ab13c4b47541784e70513be82d243b"",""recommend_items"":[{""id"":""691105749920"",""name"":""硅酮耐候密封胶"",""link"":""https://detail.tmall.com/item.htm?id=898376574521&skuId=5907331140240"",""type"":""item""}]},{""request_id"":""8529c78103b927b458169a0003dac121"",""recommend_items"":[{""id"":""681035295767"",""name"":""Gplus-防水防霉密封胶"",""link"":""https://detail.tmall.com/item.htm?id=681035295767&skuId=5931444260200"",""type"":""item""}]}]}",3928020623621.PNM,question,chat,1,80,12,user,multimodal,question,"[{""type"":""image"",""text"":""图片消息"",""url"":""https://img.alicdn.com/imgextra/i2/O1CN01TOEIsl2Caw74Hpshv_!!4611686018427385227-0-amp.jpg""}]",,online,2005531847143251970,立邦官方旗舰店:辰辰,时光里的燕子,立邦官方旗舰店,实物拍摄(含售后),裂缝,,裂缝
2012729505316925441,1976114002808741890,2,real,"{""thoughts"":[{""service"":""商品咨询与推荐"",""intention"":""适用场景匹配"",""created_at"":""2026-01-18T03:31:43.579+00:00""}],""recommend_contents"":[{""request_id"":""c5d000faa4917ff2dfab3f20614ccbf2"",""recommend_items"":[{""id"":""959097600548"",""name"":""超抗裂补墙膏"",""link"":""https://detail.tmall.com/item.htm?id=631617350390&skuId=6060899030185"",""type"":""item""}]}]}",3928018855567.PNM,question,chat,1,13,5,user,multimodal,question,"[{""type"":""image"",""text"":""图片消息"",""url"":""https://img.alicdn.com/imgextra/i3/O1CN01VWaZby20b8tzWS3J1_!!4611686018427381651-0-amp.jpg""}]",,history,2005528769472028674,立邦官方旗舰店:森森,lll四喜,立邦官方旗舰店,实物拍摄(含售后),露出基层,,露出基层
2012729594905186306,1976114002808741890,2,real,"{""recommend_contents"":[]}",3925002389075.PNM,question,chat,1,17,6,user,multimodal,question,"[{""type"":""image"",""text"":""图片消息"",""url"":""https://img.alicdn.com/imgextra/i1/O1CN01YHNxrg2IwMKk71oyh_!!4611686018427384534-0-amp.jpg""}]",,online,2005531847143251970,立邦官方旗舰店:辰辰,offviolin,立邦官方旗舰店,实物拍摄(含售后),起皮掉皮,,
2012729848413114369,1976114002808741890,2,real,"{""thoughts"":[{""service"":""其他"",""intention"":"""",""created_at"":""2026-01-18T03:32:52.510+00:00""}],""recommend_contents"":[]}",3925014319046.PNM,question,chat,1,43,2,user,multimodal,question,"[{""type"":""image"",""text"":""图片消息"",""url"":""https://img.alicdn.com/imgextra/i2/O1CN01EHZeIu2K3W8hoQNaA_!!4611686018427384429-0-amp.jpg""}]",,history,2005533006720319490,立邦官方旗舰店:清清,dd火花,立邦官方旗舰店,实物拍摄(含售后),全部未分类,,
2012729848413114369,1976114002808741890,2,real,"{""thoughts"":[{""service"":""其他"",""intention"":"""",""created_at"":""2026-01-18T03:32:52.510+00:00""}],""recommend_contents"":[]}",3934503891165.PNM,question,chat,1,43,15,user,multimodal,question,"[{""type"":""image"",""text"":""图片消息"",""url"":""https://img.alicdn.com/imgextra/i1/O1CN01i2PunR2K3W8gi2lHV_!!4611686018427384429-0-amp.jpg""}]",,online,2005533006720319490,立邦官方旗舰店:清清,dd火花,立邦官方旗舰店,实物拍摄(含售后),全部未分类,,
2012730211688050690,1976114002808741890,2,real,"{""thoughts"":[{""service"":""商品咨询与推荐"",""intention"":""商品使用方法"",""created_at"":""2026-01-18T03:34:21.265+00:00""},{""service"":""商品咨询与推荐"",""intention"":""商品咨询与推荐-商品使用方法"",""created_at"":""2026-01-18T03:35:04.547+00:00""},{""service"":""商品咨询与推荐"",""intention"":""商品咨询与推荐-商品使用方法"",""created_at"":""2026-01-18T03:35:35.643+00:00""}],""recommend_contents"":[{""request_id"":""9fc64fb8500a687eaabb7e32efb677fc"",""recommend_items"":[{""id"":""752391830444"",""name"":""水性地坪漆"",""link"":""https://detail.tmall.com/item.htm?id=752391830444&skuId=5583002616626"",""type"":""item""}]}]}",3934207266912.PNM,question,chat,1,23,13,user,multimodal,question,"[{""type"":""image"",""text"":""图片消息"",""url"":""https://img.alicdn.com/imgextra/i3/O1CN01GAiegX2Kp9KXA94LP_!!4611686018427384085-0-amp.jpg""}]",,online,2005528769472028674,立邦官方旗舰店:森森,关键因素重力,立邦官方旗舰店,实物拍摄(含售后),全部未分类,,
2012730684583243777,1976114002808741890,2,real,"{""thoughts"":[{""service"":""其他"",""intention"":"""",""action"":""classify_wall_issue"",""created_at"":""2026-01-18T03:36:18.915+00:00""}],""recommend_contents"":[]}",3934189498707.PNM,question,chat,1,38,4,user,multimodal,question,"[{""type"":""image"",""text"":""图片消息"",""url"":""https://img.alicdn.com/imgextra/i1/O1CN01LxjWF427fRw9ZH9Ls_!!4611686018427386656-0-amp.jpg""}]",,history,2005528769472028674,立邦官方旗舰店:森森,e薄荷美眉,立邦官方旗舰店,实物拍摄(含售后),起皮掉皮,,
2012730684583243777,1976114002808741890,2,real,"{""thoughts"":[{""service"":""其他"",""intention"":"""",""action"":""classify_wall_issue"",""created_at"":""2026-01-18T03:36:18.915+00:00""}],""recommend_contents"":[]}",3928022873281.PNM,question,chat,1,38,5,user,multimodal,question,"[{""type"":""image"",""text"":""图片消息"",""url"":""https://img.alicdn.com/imgextra/i3/O1CN01jbjNvR27fRwA3FvGG_!!4611686018427386656-0-amp.jpg""}]",,history,2005528769472028674,立邦官方旗舰店:森森,e薄荷美眉,立邦官方旗舰店,实物拍摄(含售后),起皮掉皮,,
2012732611079524353,1976114002808741890,2,real,"{""thoughts"":[{""service"":""商品咨询与推荐"",""intention"":""寻求商品推荐"",""action"":""confirm_answer"",""created_at"":""2026-01-18T03:44:03.993+00:00""}],""recommend_contents"":[{""request_id"":""036ea4fe7497344873249dd2e0d125ce"",""recommend_items"":[{""id"":""684081098522"",""name"":""水性木器漆（纯白）"",""link"":""https://detail.tmall.com/item.htm?id=684081098522&skuId=5765559817607"",""type"":""item""}]}]}",3934225430927.PNM,question,chat,1,39,2,user,multimodal,question,"[{""type"":""image"",""text"":""图片消息"",""url"":""https://img.alicdn.com/imgextra/i1/O1CN01j2RZIQ1U1oe9waCSD_!!4611686018427380602-0-amp.jpg""}]",,history,2005531847143251970,立邦官方旗舰店:辰辰,xq13272916710,立邦官方旗舰店,实物拍摄(含售后),全部未分类,,
2012732879827431426,1976114002808741890,2,real,"{""thoughts"":[{""service"":""其他"",""intention"":"""",""action"":""classify_wall_issue"",""created_at"":""2026-01-18T03:45:09.042+00:00""},{""service"":""商品咨询与推荐"",""intention"":""适用场景匹配"",""created_at"":""2026-01-18T03:45:12.946+00:00""}],""recommend_contents"":[{""request_id"":""862d70772ebfba463caad3d025670846"",""recommend_items"":[{""id"":""625940120948"",""name"":""单组分免砸砖防水"",""link"":""https://detail.tmall.com/item.htm?id=625940120948&skuId=5967860619077"",""type"":""item""},{""id"":""662639606348"",""name"":""Gplus-防水防霉密封胶"",""link"":""https://detail.tmall.com/item.htm?id=681035295767&skuId=5931444260200"",""type"":""item""}]}]}",3934539515332.PNM,question,chat,1,59,9,user,multimodal,question,"[{""type"":""image"",""text"":""图片消息"",""url"":""https://img.alicdn.com/imgextra/i3/O1CN01PrL7oD1TT0XyP3KFJ_!!4611686018427380062-0-amp.jpg""}]",,history,2005528769472028674,立邦官方旗舰店:森森,顺顺顺1005377878,立邦官方旗舰店,实物拍摄(含售后),涂鸦&污渍,,
2012732879827431426,1976114002808741890,2,real,"{""thoughts"":[{""service"":""其他"",""intention"":"""",""action"":""classify_wall_issue"",""created_at"":""2026-01-18T03:45:09.042+00:00""},{""service"":""商品咨询与推荐"",""intention"":""适用场景匹配"",""created_at"":""2026-01-18T03:45:12.946+00:00""}],""recommend_contents"":[{""request_id"":""862d70772ebfba463caad3d025670846"",""recommend_items"":[{""id"":""625940120948"",""name"":""单组分免砸砖防水"",""link"":""https://detail.tmall.com/item.htm?id=625940120948&skuId=5967860619077"",""type"":""item""},{""id"":""662639606348"",""name"":""Gplus-防水防霉密封胶"",""link"":""https://detail.tmall.com/item.htm?id=681035295767&skuId=5931444260200"",""type"":""item""}]}]}",3928052537713.PNM,question,chat,1,59,10,user,multimodal,question,"[{""type"":""image"",""text"":""图片消息"",""url"":""https://img.alicdn.com/imgextra/i2/O1CN01xg1rSJ1TT0Y02B0kC_!!4611686018427380062-0-amp.jpg""}]",,history,2005528769472028674,立邦官方旗舰店:森森,顺顺顺1005377878,立邦官方旗舰店,实物拍摄(含售后),涂鸦&污渍,,
2012733107676729345,1976114002808741890,2,real,"{""thoughts"":[{""service"":""商品咨询与推荐"",""intention"":""适用场景匹配"",""created_at"":""2026-01-18T03:46:05.799+00:00""},{""service"":""商品咨询与推荐"",""intention"":""适用场景匹配"",""created_at"":""2026-01-18T03:46:29.477+00:00""},{""service"":""闲聊"",""intention"":""打招呼"",""created_at"":""2026-01-18T03:46:51.505+00:00""},{""service"":""家装行业相关"",""intention"":""局部修缮方案咨询"",""created_at"":""2026-01-18T03:47:26.927+00:00""}],""recommend_contents"":[{""request_id"":""5b23dbddc5b486ecc06a3e7298968e7b"",""recommend_items"":[{""id"":""662639606348"",""name"":""Gplus-防水防霉密封胶"",""link"":""https://detail.tmall.com/item.htm?id=681035295767&skuId=5931444260200"",""type"":""item""}]},{""request_id"":""96ba6e0ccbdce4d40af07a627c8f7c93"",""recommend_items"":[{""id"":""985453876374"",""name"":""固砂宝"",""link"":""https://detail.tmall.com/item.htm?id=985453876374&skuId=5946685829004"",""type"":""item""},{""id"":""863831138785"",""name"":""大滚刷补墙漆"",""link"":""https://detail.tmall.com/item.htm?id=863831138785&skuId=5688639377746"",""type"":""item""}]},{""request_id"":""ee6019faa66e6653fb3bf51ad1aefca9"",""recommend_items"":[{""id"":""687746349607"",""name"":""固砂宝"",""link"":""https://detail.tmall.com/item.htm?id=985453876374&skuId=5946685829004"",""type"":""item""}]}]}",3925040285965.PNM,question,chat,1,46,5,user,multimodal,question,"[{""type"":""image"",""text"":""图片消息"",""url"":""https://img.alicdn.com/imgextra/i2/O1CN01o2t9hd1Wh9czjz0cE_!!4611686018427387875-0-amp.jpg""}]",,history,2005531847143251970,立邦官方旗舰店:辰辰,苏州小公民,立邦官方旗舰店,实物拍摄(含售后),起皮掉皮,,
2012733107676729345,1976114002808741890,2,real,"{""thoughts"":[{""service"":""商品咨询与推荐"",""intention"":""适用场景匹配"",""created_at"":""2026-01-18T03:46:05.799+00:00""},{""service"":""商品咨询与推荐"",""intention"":""适用场景匹配"",""created_at"":""2026-01-18T03:46:29.477+00:00""},{""service"":""闲聊"",""intention"":""打招呼"",""created_at"":""2026-01-18T03:46:51.505+00:00""},{""service"":""家装行业相关"",""intention"":""局部修缮方案咨询"",""created_at"":""2026-01-18T03:47:26.927+00:00""}],""recommend_contents"":[{""request_id"":""5b23dbddc5b486ecc06a3e7298968e7b"",""recommend_items"":[{""id"":""662639606348"",""name"":""Gplus-防水防霉密封胶"",""link"":""https://detail.tmall.com/item.htm?id=681035295767&skuId=5931444260200"",""type"":""item""}]},{""request_id"":""96ba6e0ccbdce4d40af07a627c8f7c93"",""recommend_items"":[{""id"":""985453876374"",""name"":""固砂宝"",""link"":""https://detail.tmall.com/item.htm?id=985453876374&skuId=5946685829004"",""type"":""item""},{""id"":""863831138785"",""name"":""大滚刷补墙漆"",""link"":""https://detail.tmall.com/item.htm?id=863831138785&skuId=5688639377746"",""type"":""item""}]},{""request_id"":""ee6019faa66e6653fb3bf51ad1aefca9"",""recommend_items"":[{""id"":""687746349607"",""name"":""固砂宝"",""link"":""https://detail.tmall.com/item.htm?id=985453876374&skuId=5946685829004"",""type"":""item""}]}]}",3934529755231.PNM,question,chat,1,46,6,user,multimodal,question,"[{""type"":""image"",""text"":""图片消息"",""url"":""https://img.alicdn.com/imgextra/i4/O1CN01189uRe1Wh9cyx1R6D_!!4611686018427387875-0-amp.jpg""}]",,history,2005531847143251970,立邦官方旗舰店:辰辰,苏州小公民,立邦官方旗舰店,实物拍摄(含售后),裂缝,,
2012733118802096130,1976114002808741890,2,real,"{""thoughts"":[{""service"":""家装行业相关"",""intention"":""局部修缮方案咨询"",""created_at"":""2026-01-18T03:46:05.395+00:00""},{""service"":""家装行业相关"",""intention"":""局部修缮方案咨询"",""created_at"":""2026-01-18T03:47:01.245+00:00""}],""recommend_contents"":[{""request_id"":""70fc057550f2414d46b63f0098481c68"",""recommend_items"":[{""id"":""863831138785"",""name"":""大滚刷补墙漆"",""link"":""https://detail.tmall.com/item.htm?id=863831138785&skuId=5688639377746"",""type"":""item""}]}]}",3934535621275.PNM,question,chat,1,18,2,user,multimodal,question,"[{""type"":""image"",""text"":""图片消息"",""url"":""https://img.alicdn.com/imgextra/i2/O1CN01M5Mzrm2NPuLjg4m2M_!!4611686018427385860-0-amp.jpg""}]",,history,2005528769472028674,立邦官方旗舰店:森森,2367020614yl,立邦官方旗舰店,实物拍摄(含售后),起皮掉皮,,
2012733118802096130,1976114002808741890,2,real,"{""thoughts"":[{""service"":""家装行业相关"",""intention"":""局部修缮方案咨询"",""created_at"":""2026-01-18T03:46:05.395+00:00""},{""service"":""家装行业相关"",""intention"":""局部修缮方案咨询"",""created_at"":""2026-01-18T03:47:01.245+00:00""}],""recommend_contents"":[{""request_id"":""70fc057550f2414d46b63f0098481c68"",""recommend_items"":[{""id"":""863831138785"",""name"":""大滚刷补墙漆"",""link"":""https://detail.tmall.com/item.htm?id=863831138785&skuId=5688639377746"",""type"":""item""}]}]}",3934525943590.PNM,question,chat,1,18,4,user,multimodal,question,"[{""type"":""image"",""text"":""图片消息"",""url"":""https://img.alicdn.com/imgextra/i3/O1CN01cYUNld2NPuLisSIOM_!!4611686018427385860-0-amp.jpg""}]",,history,2005528769472028674,立邦官方旗舰店:森森,2367020614yl,立邦官方旗舰店,实物拍摄(含售后),起皮掉皮,,
2012733118802096130,1976114002808741890,2,real,"{""thoughts"":[{""service"":""家装行业相关"",""intention"":""局部修缮方案咨询"",""created_at"":""2026-01-18T03:46:05.395+00:00""},{""service"":""家装行业相关"",""intention"":""局部修缮方案咨询"",""created_at"":""2026-01-18T03:47:01.245+00:00""}],""recommend_contents"":[{""request_id"":""70fc057550f2414d46b63f0098481c68"",""recommend_items"":[{""id"":""863831138785"",""name"":""大滚刷补墙漆"",""link"":""https://detail.tmall.com/item.htm?id=863831138785&skuId=5688639377746"",""type"":""item""}]}]}",3934233249225.PNM,question,chat,1,18,5,user,multimodal,question,"[{""type"":""image"",""text"":""图片消息"",""url"":""https://img.alicdn.com/imgextra/i3/O1CN01IlqO6H2NPuLiXdu23_!!4611686018427385860-0-amp.jpg""}]",,history,2005528769472028674,立邦官方旗舰店:森森,2367020614yl,立邦官方旗舰店,实物拍摄(含售后),起皮掉皮,,
2012734461073772545,1976114002808741890,2,real,"{""thoughts"":[{""service"":""商品咨询与推荐"",""intention"":""适用场景匹配"",""created_at"":""2026-01-18T03:51:22.858+00:00""},{""service"":""商品咨询与推荐"",""intention"":""适用场景匹配"",""created_at"":""2026-01-18T03:52:13.322+00:00""}],""recommend_contents"":[{""request_id"":""7468825dff2e7c66b475a17625f6b791"",""recommend_items"":[{""id"":""863831138785"",""name"":""大滚刷补墙漆"",""link"":""https://detail.tmall.com/item.htm?id=863831138785&skuId=5688639377746"",""type"":""item""}]}]}",3934237298836.PNM,question,chat,1,28,2,user,multimodal,question,"[{""type"":""image"",""text"":""图片消息"",""url"":""https://img.alicdn.com/imgextra/i2/O1CN017WSjgx1CJWslzl8cd_!!4611686018427382556-0-amp.jpg""}]",,history,2005533006720319490,立邦官方旗舰店:清清,mulinuo,立邦官方旗舰店,实物拍摄(含售后),露出基层,,
2012734461073772545,1976114002808741890,2,real,"{""thoughts"":[{""service"":""商品咨询与推荐"",""intention"":""适用场景匹配"",""created_at"":""2026-01-18T03:51:22.858+00:00""},{""service"":""商品咨询与推荐"",""intention"":""适用场景匹配"",""created_at"":""2026-01-18T03:52:13.322+00:00""}],""recommend_contents"":[{""request_id"":""7468825dff2e7c66b475a17625f6b791"",""recommend_items"":[{""id"":""863831138785"",""name"":""大滚刷补墙漆"",""link"":""https://detail.tmall.com/item.htm?id=863831138785&skuId=5688639377746"",""type"":""item""}]}]}",3925056331868.PNM,question,chat,1,28,13,user,multimodal,question,"[{""type"":""image"",""text"":""图片消息"",""url"":""https://img.alicdn.com/imgextra/i2/O1CN017WSjgx1CJWslzl8cd_!!4611686018427382556-0-amp.jpg""}]",,online,2005533006720319490,立邦官方旗舰店:清清,mulinuo,立邦官方旗舰店,实物拍摄(含售后),露出基层,,
2012738152434585602,1976114002808741890,2,real,"{""thoughts"":[{""service"":""闲聊"",""intention"":""打招呼"",""created_at"":""2026-01-18T04:06:07.131+00:00""},{""service"":""闲聊"",""intention"":""打招呼"",""created_at"":""2026-01-18T04:06:58.873+00:00""},{""service"":""商品咨询与推荐"",""intention"":""商品使用方法"",""created_at"":""2026-01-18T04:08:16.136+00:00""},{""service"":""闲聊"",""intention"":""打招呼"",""created_at"":""2026-01-18T04:08:55.182+00:00""},{""service"":""闲聊"",""intention"":""打招呼"",""created_at"":""2026-01-18T04:09:18.951+00:00""},{""service"":""商品咨询与推荐"",""intention"":""商品咨询与推荐-商品属性咨询"",""created_at"":""2026-01-18T04:09:43.028+00:00""},{""service"":""商品咨询与推荐"",""intention"":""商品咨询与推荐-商品属性咨询"",""created_at"":""2026-01-18T04:10:34.615+00:00""}],""recommend_contents"":[{""request_id"":""0102854dc5f391140904bb0732a1548b"",""recommend_items"":[{""id"":""625940120948"",""name"":""单组分免砸砖防水"",""link"":""https://detail.tmall.com/item.htm?id=625940120948&skuId=5967860619077"",""type"":""item""}]}]}",3934577902333.PNM,question,chat,1,35,30,user,multimodal,question,"[{""type"":""image"",""text"":""图片消息"",""url"":""https://img.alicdn.com/imgextra/i4/O1CN013WtE7m1OEHjj6Lt3e_!!4611686018427380633-0-amp.jpg""}]",,online,2005533006720319490,立邦官方旗舰店:清清,qyybz天使,立邦官方旗舰店,实物拍摄(含售后),起皮掉皮,,
2012738781072674817,1976114002808741890,2,real,"{""thoughts"":[{""service"":""商品咨询与推荐"",""intention"":""适用场景匹配"",""created_at"":""2026-01-18T04:08:33.061+00:00""}],""recommend_contents"":[{""request_id"":""073ac4a9ff61dd12ce11dd064327f717"",""recommend_items"":[{""id"":""691105749920"",""name"":""硅酮耐候密封胶"",""link"":""https://detail.tmall.com/item.htm?id=898376574521&skuId=5907331140240"",""type"":""item""}]}]}",3928102737776.PNM,question,chat,1,15,10,user,multimodal,question,"[{""type"":""image"",""text"":""图片消息"",""url"":""https://img.alicdn.com/imgextra/i3/O1CN01w3JCbV1oeYSokwWQA_!!4611686018427386194-0-amp.jpg""}]",,history,2005531847143251970,立邦官方旗舰店:辰辰,tb9979846_2012,立邦官方旗舰店,实物拍摄(含售后),裂缝,,
2012738932956811265,1976114002808741890,2,real,"{""thoughts"":[{""service"":""闲聊"",""intention"":""打招呼"",""created_at"":""2026-01-18T04:09:08.416+00:00""},{""service"":""商品咨询与推荐"",""intention"":""商品咨询与推荐-商品用量咨询"",""created_at"":""2026-01-18T04:11:20.433+00:00""},{""service"":""商品咨询与推荐"",""intention"":""商品咨询与推荐-商品用量咨询"",""created_at"":""2026-01-18T04:12:12.445+00:00""}],""recommend_contents"":[{""request_id"":""5b6094e548445e7b9a50f5c05c665121"",""recommend_items"":[{""id"":""942962616447"",""name"":""室内结构胶"",""link"":""https://detail.tmall.com/item.htm?id=942962616447&skuId=5841203556562"",""type"":""item""},{""id"":""693658843534"",""name"":""瓷砖粘合剂"",""link"":""https://detail.tmall.com/item.htm?id=662110937733&skuId=5304359282032"",""type"":""item""}]}]}",3934581869727.PNM,question,chat,1,22,14,user,multimodal,question,"[{""type"":""image"",""text"":""图片消息"",""url"":""https://img.alicdn.com/imgextra/i1/O1CN01Xif0Lq1lIceLrCVPV_!!4611686018427384860-0-amp.jpg""}]",,online,2005531847143251970,立邦官方旗舰店:辰辰,tb173940246754,立邦官方旗舰店,实物拍摄(含售后),露出基层,,
2012739193079156737,1976114002808741890,2,real,"{""thoughts"":[{""service"":""商品咨询与推荐"",""intention"":""适用场景匹配"",""created_at"":""2026-01-18T04:10:04.169+00:00""},{""service"":""商品咨询与推荐"",""intention"":""适用场景匹配"",""created_at"":""2026-01-18T04:10:22.934+00:00""}],""recommend_contents"":[{""request_id"":""ea84433e83272fc1b8fce36d240bcffb"",""recommend_items"":[{""id"":""752391830444"",""name"":""水性地坪漆"",""link"":""https://detail.tmall.com/item.htm?id=752391830444&skuId=5583002616626"",""type"":""item""}]}]}",3925090001203.PNM,question,chat,1,43,7,user,multimodal,question,"[{""type"":""image"",""text"":""图片消息"",""url"":""https://img.alicdn.com/imgextra/i1/O1CN01ObTHQd1xDNVJj9bXk_!!4611686018427386121-0-amp.jpg""}]",,online,2005533006720319490,立邦官方旗舰店:清清,5902玉儿,立邦官方旗舰店,实物拍摄(含售后),露出基层,,
2012739583128457218,1976114002808741890,2,real,"{""thoughts"":[{""service"":""家装行业相关"",""intention"":""局部修缮方案咨询"",""created_at"":""2026-01-18T04:11:41.190+00:00""}],""recommend_contents"":[{""request_id"":""108848aee56e2ee95d7bd16f578952e8"",""recommend_items"":[{""id"":""959097600548"",""name"":""超抗裂补墙膏"",""link"":""https://detail.tmall.com/item.htm?id=631617350390&skuId=6060899030185"",""type"":""item""}]}]}",3934259468784.PNM,question,chat,1,11,3,user,multimodal,question,"[{""type"":""image"",""text"":""图片消息"",""url"":""https://img.alicdn.com/imgextra/i3/O1CN01iLXnMr1zHA0SgFtBY_!!4611686018427386400-0-amp.jpg""}]",,history,2005533006720319490,立邦官方旗舰店:清清,雨落梨花2008,立邦官方旗舰店,实物拍摄(含售后),露出基层,,
2012739583128457218,1976114002808741890,2,real,"{""thoughts"":[{""service"":""家装行业相关"",""intention"":""局部修缮方案咨询"",""created_at"":""2026-01-18T04:11:41.190+00:00""}],""recommend_contents"":[{""request_id"":""108848aee56e2ee95d7bd16f578952e8"",""recommend_items"":[{""id"":""959097600548"",""name"":""超抗裂补墙膏"",""link"":""https://detail.tmall.com/item.htm?id=631617350390&skuId=6060899030185"",""type"":""item""}]}]}",3925082178654.PNM,question,chat,1,11,4,user,multimodal,question,"[{""type"":""image"",""text"":""图片消息"",""url"":""https://img.alicdn.com/imgextra/i3/O1CN01MIdp5v1kB0Row2wFr_!!4611686018427384356-0-amp.jpg""}]",,history,2005533006720319490,立邦官方旗舰店:清清,雨落梨花2008,立邦官方旗舰店,实物拍摄(含售后),露出基层,,
2012739583128457218,1976114002808741890,2,real,"{""thoughts"":[{""service"":""家装行业相关"",""intention"":""局部修缮方案咨询"",""created_at"":""2026-01-18T04:11:41.190+00:00""}],""recommend_contents"":[{""request_id"":""108848aee56e2ee95d7bd16f578952e8"",""recommend_items"":[{""id"":""959097600548"",""name"":""超抗裂补墙膏"",""link"":""https://detail.tmall.com/item.htm?id=631617350390&skuId=6060899030185"",""type"":""item""}]}]}",3928106790983.PNM,question,chat,1,11,5,user,multimodal,question,"[{""type"":""image"",""text"":""图片消息"",""url"":""https://img.alicdn.com/imgextra/i3/O1CN015w8TjC1xn6Ogpp1e1_!!4611686018427386199-0-amp.jpg""}]",,history,2005533006720319490,立邦官方旗舰店:清清,雨落梨花2008,立邦官方旗舰店,实物拍摄(含售后),露出基层,,
2012739756281909249,1976114002808741890,2,real,"{""thoughts"":[{""service"":""商品咨询与推荐"",""intention"":""适用场景匹配"",""created_at"":""2026-01-18T04:12:42.665+00:00""},{""service"":""商品咨询与推荐"",""intention"":""适用场景匹配"",""created_at"":""2026-01-18T04:12:50.487+00:00""}],""recommend_contents"":[{""request_id"":""240fe20fc32f2049deb62a1d2bd6728e"",""recommend_items"":[{""id"":""887294619900"",""name"":""超耐候外墙透明防水"",""link"":""https://detail.tmall.com/item.htm?id=608673984488&skuId=5899236318978"",""type"":""item""},{""id"":""608673984488"",""name"":""外墙透明防水"",""link"":""https://detail.tmall.com/item.htm?id=608673984488&skuId=4280914353850"",""type"":""item""}]}]}",3925090119665.PNM,question,chat,1,75,6,user,multimodal,question,"[{""type"":""image"",""text"":""图片消息"",""url"":""https://img.alicdn.com/imgextra/i2/O1CN01elKWuQ2Hg2bdsgdBL_!!4611686018427380155-0-amp.jpg""}]",,online,2005531847143251970,立邦官方旗舰店:辰辰,yining7600,立邦官方旗舰店,实物拍摄(含售后),涂鸦&污渍,,
2012739894429700098,1976114002808741890,2,real,"{""thoughts"":[{""service"":""商品咨询与推荐"",""intention"":""适用场景匹配"",""created_at"":""2026-01-18T04:12:54.647+00:00""},{""service"":""商品咨询与推荐"",""intention"":""适用场景匹配"",""created_at"":""2026-01-18T04:13:07.720+00:00""},{""service"":""商品咨询与推荐"",""intention"":""适用场景匹配"",""created_at"":""2026-01-18T04:13:12.052+00:00""}],""recommend_contents"":[{""request_id"":""ca1d3cd75057087589c036ef59237b39"",""recommend_items"":[{""id"":""693658843534"",""name"":""瓷砖粘合剂"",""link"":""https://detail.tmall.com/item.htm?id=662110937733&skuId=5304359282032"",""type"":""item""}]}]}",3934263465033.PNM,question,chat,1,16,4,user,multimodal,question,"[{""type"":""image"",""text"":""图片消息"",""url"":""https://img.alicdn.com/imgextra/i4/O1CN01rGCB6R1GFBab1qWOh_!!4611686018427383312-0-amp.jpg""}]",,online,2005531847143251970,立邦官方旗舰店:辰辰,浪子只爱孤独,立邦官方旗舰店,实物拍摄(含售后),露出基层,,
2012740235065905154,1976114002808741890,2,real,"{""thoughts"":[{""service"":""其他"",""intention"":"""",""created_at"":""2026-01-18T04:14:09.714+00:00""}],""recommend_contents"":[]}",3928124592958.PNM,question,chat,1,8,1,user,multimodal,question,"[{""type"":""image"",""text"":""图片消息"",""url"":""https://img.alicdn.com/imgextra/i3/O1CN01xeF0yQ1MpGU4Z2wK1_!!4611686018427383451-0-amp.jpg""}]",,history,2005533006720319490,立邦官方旗舰店:清清,guohongguhaodongxi,立邦官方旗舰店,实物拍摄(含售后),全部未分类,,
2012741659917111298,1976114002808741890,2,real,"{""thoughts"":[{""service"":""其他"",""intention"":"""",""action"":""classify_wall_issue"",""created_at"":""2026-01-18T04:20:00.440+00:00""},{""service"":""商品咨询与推荐"",""intention"":""商品使用方法"",""action"":""confirm_answer"",""created_at"":""2026-01-18T04:20:10.135+00:00""},{""service"":""商品咨询与推荐"",""intention"":""商品对比"",""created_at"":""2026-01-18T05:41:42.745+00:00""}],""recommend_contents"":[{""request_id"":""0ef2b833fccec9d31b5d74966399df61"",""recommend_items"":[{""id"":""794884608618"",""name"":""随心涂水性瓷砖漆"",""link"":""https://detail.tmall.com/item.htm?id=794884608618&skuId=5863648742517"",""type"":""item""},{""id"":""794884608618"",""name"":""随心涂水性瓷砖漆"",""link"":""https://detail.tmall.com/item.htm?id=794884608618&skuId=5863648742517"",""type"":""item""},{""id"":""794884608618"",""name"":""随心涂水性瓷砖漆"",""link"":""https://detail.tmall.com/item.htm?id=794884608618&skuId=5863648742517"",""type"":""item""}]}]}",3934273328232.PNM,question,chat,1,34,9,user,multimodal,question,"[{""type"":""image"",""text"":""图片消息"",""url"":""https://img.alicdn.com/imgextra/i4/O1CN01l5d7Vu1zXBrvFUms4_!!4611686018427387475-0-amp.jpg""}]",,history,2005531847143251970,立邦官方旗舰店:辰辰,liaotingting82,立邦官方旗舰店,实物拍摄(含售后),全部未分类,,
2012741659917111298,1976114002808741890,2,real,"{""thoughts"":[{""service"":""其他"",""intention"":"""",""action"":""classify_wall_issue"",""created_at"":""2026-01-18T04:20:00.440+00:00""},{""service"":""商品咨询与推荐"",""intention"":""商品使用方法"",""action"":""confirm_answer"",""created_at"":""2026-01-18T04:20:10.135+00:00""},{""service"":""商品咨询与推荐"",""intention"":""商品对比"",""created_at"":""2026-01-18T05:41:42.745+00:00""}],""recommend_contents"":[{""request_id"":""0ef2b833fccec9d31b5d74966399df61"",""recommend_items"":[{""id"":""794884608618"",""name"":""随心涂水性瓷砖漆"",""link"":""https://detail.tmall.com/item.htm?id=794884608618&skuId=5863648742517"",""type"":""item""},{""id"":""794884608618"",""name"":""随心涂水性瓷砖漆"",""link"":""https://detail.tmall.com/item.htm?id=794884608618&skuId=5863648742517"",""type"":""item""},{""id"":""794884608618"",""name"":""随心涂水性瓷砖漆"",""link"":""https://detail.tmall.com/item.htm?id=794884608618&skuId=5863648742517"",""type"":""item""}]}]}",3928130698972.PNM,question,chat,1,34,10,user,multimodal,question,"[{""type"":""image"",""text"":""图片消息"",""url"":""https://img.alicdn.com/imgextra/i2/O1CN01CPKCEf1zXBrw3EiEE_!!4611686018427387475-0-amp.jpg""}]",,history,2005531847143251970,立邦官方旗舰店:辰辰,liaotingting82,立邦官方旗舰店,实物拍摄(含售后),涂鸦&污渍,,
2012741659917111298,1976114002808741890,2,real,"{""thoughts"":[{""service"":""其他"",""intention"":"""",""action"":""classify_wall_issue"",""created_at"":""2026-01-18T04:20:00.440+00:00""},{""service"":""商品咨询与推荐"",""intention"":""商品使用方法"",""action"":""confirm_answer"",""created_at"":""2026-01-18T04:20:10.135+00:00""},{""service"":""商品咨询与推荐"",""intention"":""商品对比"",""created_at"":""2026-01-18T05:41:42.745+00:00""}],""recommend_contents"":[{""request_id"":""0ef2b833fccec9d31b5d74966399df61"",""recommend_items"":[{""id"":""794884608618"",""name"":""随心涂水性瓷砖漆"",""link"":""https://detail.tmall.com/item.htm?id=794884608618&skuId=5863648742517"",""type"":""item""},{""id"":""794884608618"",""name"":""随心涂水性瓷砖漆"",""link"":""https://detail.tmall.com/item.htm?id=794884608618&skuId=5863648742517"",""type"":""item""},{""id"":""794884608618"",""name"":""随心涂水性瓷砖漆"",""link"":""https://detail.tmall.com/item.htm?id=794884608618&skuId=5863648742517"",""type"":""item""}]}]}",3925098188322.PNM,question,chat,1,34,11,user,multimodal,question,"[{""type"":""image"",""text"":""图片消息"",""url"":""https://img.alicdn.com/imgextra/i2/O1CN0187UyCi1zXBru3M3k3_!!4611686018427387475-0-amp.jpg""}]",,history,2005531847143251970,立邦官方旗舰店:辰辰,liaotingting82,立邦官方旗舰店,实物拍摄(含售后),全部未分类,,
2012741659917111298,1976114002808741890,2,real,"{""thoughts"":[{""service"":""其他"",""intention"":"""",""action"":""classify_wall_issue"",""created_at"":""2026-01-18T04:20:00.440+00:00""},{""service"":""商品咨询与推荐"",""intention"":""商品使用方法"",""action"":""confirm_answer"",""created_at"":""2026-01-18T04:20:10.135+00:00""},{""service"":""商品咨询与推荐"",""intention"":""商品对比"",""created_at"":""2026-01-18T05:41:42.745+00:00""}],""recommend_contents"":[{""request_id"":""0ef2b833fccec9d31b5d74966399df61"",""recommend_items"":[{""id"":""794884608618"",""name"":""随心涂水性瓷砖漆"",""link"":""https://detail.tmall.com/item.htm?id=794884608618&skuId=5863648742517"",""type"":""item""},{""id"":""794884608618"",""name"":""随心涂水性瓷砖漆"",""link"":""https://detail.tmall.com/item.htm?id=794884608618&skuId=5863648742517"",""type"":""item""},{""id"":""794884608618"",""name"":""随心涂水性瓷砖漆"",""link"":""https://detail.tmall.com/item.htm?id=794884608618&skuId=5863648742517"",""type"":""item""}]}]}",3925092292786.PNM,question,chat,1,34,12,user,multimodal,question,"[{""type"":""image"",""text"":""图片消息"",""url"":""https://img.alicdn.com/imgextra/i2/O1CN01rrfbaR1zXBruJ8ohO_!!4611686018427387475-0-amp.jpg""}]",,history,2005531847143251970,立邦官方旗舰店:辰辰,liaotingting82,立邦官方旗舰店,实物拍摄(含售后),全部未分类,,
2012741659917111298,1976114002808741890,2,real,"{""thoughts"":[{""service"":""其他"",""intention"":"""",""action"":""classify_wall_issue"",""created_at"":""2026-01-18T04:20:00.440+00:00""},{""service"":""商品咨询与推荐"",""intention"":""商品使用方法"",""action"":""confirm_answer"",""created_at"":""2026-01-18T04:20:10.135+00:00""},{""service"":""商品咨询与推荐"",""intention"":""商品对比"",""created_at"":""2026-01-18T05:41:42.745+00:00""}],""recommend_contents"":[{""request_id"":""0ef2b833fccec9d31b5d74966399df61"",""recommend_items"":[{""id"":""794884608618"",""name"":""随心涂水性瓷砖漆"",""link"":""https://detail.tmall.com/item.htm?id=794884608618&skuId=5863648742517"",""type"":""item""},{""id"":""794884608618"",""name"":""随心涂水性瓷砖漆"",""link"":""https://detail.tmall.com/item.htm?id=794884608618&skuId=5863648742517"",""type"":""item""},{""id"":""794884608618"",""name"":""随心涂水性瓷砖漆"",""link"":""https://detail.tmall.com/item.htm?id=794884608618&skuId=5863648742517"",""type"":""item""}]}]}",3928130749274.PNM,question,chat,1,34,18,user,multimodal,question,"[{""type"":""image"",""text"":""图片消息"",""url"":""https://img.alicdn.com/imgextra/i2/O1CN01e4BcPp1zXBrpipTC8_!!4611686018427387475-0-amp.jpg""}]",,online,2005531847143251970,立邦官方旗舰店:辰辰,liaotingting82,立邦官方旗舰店,实物拍摄(含售后),涂鸦&污渍,,
2012741855992434689,1976114002808741890,2,real,"{""thoughts"":[{""service"":""商品咨询与推荐"",""intention"":""适用场景匹配"",""created_at"":""2026-01-18T04:20:42.403+00:00""},{""service"":""商品咨询与推荐"",""intention"":""适用场景匹配"",""created_at"":""2026-01-18T04:25:12.719+00:00""}],""recommend_contents"":[{""request_id"":""18fff4356fb4d2eba8475cf6adcff3f8"",""recommend_items"":[{""id"":""629989985057"",""name"":""甄美缝"",""link"":""https://detail.tmall.com/item.htm?id=629989985057&skuId=5890656841007"",""type"":""item""}]}]}",3934287273663.PNM,question,chat,1,33,7,user,multimodal,question,"[{""type"":""image"",""text"":""图片消息"",""url"":""https://img.alicdn.com/imgextra/i3/O1CN01fGQLTn1CzCvMDHTvC_!!4611686018427387479-0-amp.jpg""}]",,online,2005533006720319490,立邦官方旗舰店:清清,tb4752306508,立邦官方旗舰店,实物拍摄(含售后),全部未分类,,
2012742274349092866,1976114002808741890,2,real,"{""thoughts"":[{""service"":""其他"",""intention"":"""",""created_at"":""2026-01-18T04:22:14.813+00:00""}],""recommend_contents"":[]}",3934589928937.PNM,question,chat,1,16,4,user,multimodal,question,"[{""type"":""image"",""text"":""图片消息"",""url"":""https://img.alicdn.com/imgextra/i2/O1CN01aL2z992Jc2NM7mXEB_!!4611686018427385585-0-amp.jpg""}]",,history,2005531847143251970,立邦官方旗舰店:辰辰,月中的小玉兔,立邦官方旗舰店,实物拍摄(含售后),起皮掉皮,,
2012742274349092866,1976114002808741890,2,real,"{""thoughts"":[{""service"":""其他"",""intention"":"""",""created_at"":""2026-01-18T04:22:14.813+00:00""}],""recommend_contents"":[]}",3934287155103.PNM,question,chat,1,16,6,user,multimodal,question,"[{""type"":""image"",""text"":""图片消息"",""url"":""https://img.alicdn.com/imgextra/i2/O1CN01ndaEvS2Jc2NM7nTQh_!!4611686018427385585-0-amp.jpg""}]",,online,2005531847143251970,立邦官方旗舰店:辰辰,月中的小玉兔,立邦官方旗舰店,实物拍摄(含售后),起皮掉皮,,
2012742380737613825,1976114002808741890,2,real,"{""thoughts"":[{""service"":""闲聊"",""intention"":""打招呼"",""created_at"":""2026-01-18T04:22:45.737+00:00""},{""service"":""闲聊"",""intention"":""打招呼"",""created_at"":""2026-01-18T04:23:28.198+00:00""}],""recommend_contents"":[]}",3925102328150.PNM,question,chat,1,15,7,user,multimodal,question,"[{""type"":""image"",""text"":""图片消息"",""url"":""https://img.alicdn.com/imgextra/i1/O1CN01KaiLLy1xljD05bDUt_!!4611686018427386932-0-amp.jpg""}]",,online,2005533006720319490,立邦官方旗舰店:清清,18420238701_小恐龙,立邦官方旗舰店,实物拍摄(含售后),全部未分类,,
2012742721885523969,1976114002808741890,2,real,"{""thoughts"":[{""service"":""商品咨询与推荐"",""intention"":""适用场景匹配"",""created_at"":""2026-01-18T04:24:08.285+00:00""},{""service"":""商品咨询与推荐"",""intention"":""适用场景匹配"",""created_at"":""2026-01-18T04:24:29.869+00:00""},{""service"":""商品咨询与推荐"",""intention"":""适用场景匹配"",""created_at"":""2026-01-18T04:24:50.618+00:00""}],""recommend_contents"":[{""request_id"":""ff84522b8c0adeaae7ce93d7e19c72d2"",""recommend_items"":[{""id"":""662639606348"",""name"":""Gplus-防水防霉密封胶"",""link"":""https://detail.tmall.com/item.htm?id=681035295767&skuId=5931444260200"",""type"":""item""}]}]}",3934279364760.PNM,question,chat,1,41,8,user,multimodal,question,"[{""type"":""image"",""text"":""图片消息"",""url"":""https://img.alicdn.com/imgextra/i1/O1CN01ID3CPu1z805KqYsZh_!!4611686018427386636-0-amp.jpg""}]",,online,2005531847143251970,立邦官方旗舰店:辰辰,小健子1984,立邦官方旗舰店,实物拍摄(含售后),起皮掉皮,,
2012743204054323202,1976114002808741890,2,real,"{""thoughts"":[{""service"":""其他"",""intention"":"""",""created_at"":""2026-01-18T04:26:00.087+00:00""}],""recommend_contents"":[]}",3934609832883.PNM,question,chat,1,26,11,user,multimodal,question,"[{""type"":""image"",""text"":""图片消息"",""url"":""https://img.alicdn.com/imgextra/i4/O1CN01motm0J1vWUnxf5zbD_!!4611686018427382580-0-amp.jpg""}]",,online,2005531847143251970,立邦官方旗舰店:辰辰,菲菲ya0,立邦官方旗舰店,实物拍摄(含售后),孔洞,,
2012743628014571522,1976114002808741890,2,real,"{""thoughts"":[{""service"":""其他"",""intention"":"""",""created_at"":""2026-01-18T04:27:37.519+00:00""}],""recommend_contents"":[]}",3925106274348.PNM,question,chat,1,9,2,user,multimodal,question,"[{""type"":""image"",""text"":""图片消息"",""url"":""https://img.alicdn.com/imgextra/i3/O1CN01b4xjO41LZP9XApnV2_!!4611686018427386177-0-amp.jpg""}]",,online,2005533006720319490,立邦官方旗舰店:清清,程程336688,立邦官方旗舰店,实物拍摄(含售后),全部未分类,,
2012744425775386625,1976114002808741890,2,real,"{""thoughts"":[{""service"":""家装行业相关"",""intention"":""局部修缮方案咨询"",""created_at"":""2026-01-18T04:30:56.505+00:00""},{""service"":""家装行业相关"",""intention"":""局部修缮方案咨询"",""created_at"":""2026-01-18T04:31:28.644+00:00""},{""service"":""家装行业相关"",""intention"":""局部修缮方案咨询"",""created_at"":""2026-01-18T04:31:41.063+00:00""},{""service"":""家装行业相关"",""intention"":""局部修缮方案咨询"",""created_at"":""2026-01-18T04:32:21.018+00:00""}],""recommend_contents"":[{""request_id"":""52f96479a87b90c4778fc1b7ee3f573a"",""recommend_items"":[{""id"":""942962616447"",""name"":""室内结构胶"",""link"":""https://detail.tmall.com/item.htm?id=942962616447&skuId=5841203556562"",""type"":""item""}]},{""request_id"":""e93eb5bf6aa78bfe444ab891b768dd8e"",""recommend_items"":[{""id"":""688643407099"",""name"":""防霉密封胶泥"",""link"":""https://detail.tmall.com/item.htm?id=993741263496&skuId=5446454970650"",""type"":""item""}]},{""request_id"":""70e11f7b3fdadc1e905abef0687fe2f2"",""recommend_items"":[{""id"":""942962616447"",""name"":""室内结构胶"",""link"":""https://detail.tmall.com/item.htm?id=942962616447&skuId=5841203556562"",""type"":""item""},{""id"":""898411998985"",""name"":""防火发泡胶"",""link"":""https://detail.tmall.com/item.htm?id=898411998985&skuId=6090158635313"",""type"":""item""}]}]}",3934301104376.PNM,question,chat,1,47,7,user,multimodal,question,"[{""type"":""image"",""text"":""图片消息"",""url"":""https://img.alicdn.com/imgextra/i1/O1CN01TJSnjV28GY1ChzbmO_!!4611686018427382081-0-amp.jpg""}]",,history,2005533006720319490,立邦官方旗舰店:清清,海边夭夭,立邦官方旗舰店,实物拍摄(含售后),起皮掉皮,,
2012744425775386625,1976114002808741890,2,real,"{""thoughts"":[{""service"":""家装行业相关"",""intention"":""局部修缮方案咨询"",""created_at"":""2026-01-18T04:30:56.505+00:00""},{""service"":""家装行业相关"",""intention"":""局部修缮方案咨询"",""created_at"":""2026-01-18T04:31:28.644+00:00""},{""service"":""家装行业相关"",""intention"":""局部修缮方案咨询"",""created_at"":""2026-01-18T04:31:41.063+00:00""},{""service"":""家装行业相关"",""intention"":""局部修缮方案咨询"",""created_at"":""2026-01-18T04:32:21.018+00:00""}],""recommend_contents"":[{""request_id"":""52f96479a87b90c4778fc1b7ee3f573a"",""recommend_items"":[{""id"":""942962616447"",""name"":""室内结构胶"",""link"":""https://detail.tmall.com/item.htm?id=942962616447&skuId=5841203556562"",""type"":""item""}]},{""request_id"":""e93eb5bf6aa78bfe444ab891b768dd8e"",""recommend_items"":[{""id"":""688643407099"",""name"":""防霉密封胶泥"",""link"":""https://detail.tmall.com/item.htm?id=993741263496&skuId=5446454970650"",""type"":""item""}]},{""request_id"":""70e11f7b3fdadc1e905abef0687fe2f2"",""recommend_items"":[{""id"":""942962616447"",""name"":""室内结构胶"",""link"":""https://detail.tmall.com/item.htm?id=942962616447&skuId=5841203556562"",""type"":""item""},{""id"":""898411998985"",""name"":""防火发泡胶"",""link"":""https://detail.tmall.com/item.htm?id=898411998985&skuId=6090158635313"",""type"":""item""}]}]}",3928142824397.PNM,question,chat,1,47,13,user,multimodal,question,"[{""type"":""image"",""text"":""图片消息"",""url"":""https://img.alicdn.com/imgextra/i2/O1CN01YnF3To28GY1Bh0xLI_!!4611686018427382081-0-amp.jpg""}]",,history,2005533006720319490,立邦官方旗舰店:清清,海边夭夭,立邦官方旗舰店,实物拍摄(含售后),起皮掉皮,,
2012744425775386625,1976114002808741890,2,real,"{""thoughts"":[{""service"":""家装行业相关"",""intention"":""局部修缮方案咨询"",""created_at"":""2026-01-18T04:30:56.505+00:00""},{""service"":""家装行业相关"",""intention"":""局部修缮方案咨询"",""created_at"":""2026-01-18T04:31:28.644+00:00""},{""service"":""家装行业相关"",""intention"":""局部修缮方案咨询"",""created_at"":""2026-01-18T04:31:41.063+00:00""},{""service"":""家装行业相关"",""intention"":""局部修缮方案咨询"",""created_at"":""2026-01-18T04:32:21.018+00:00""}],""recommend_contents"":[{""request_id"":""52f96479a87b90c4778fc1b7ee3f573a"",""recommend_items"":[{""id"":""942962616447"",""name"":""室内结构胶"",""link"":""https://detail.tmall.com/item.htm?id=942962616447&skuId=5841203556562"",""type"":""item""}]},{""request_id"":""e93eb5bf6aa78bfe444ab891b768dd8e"",""recommend_items"":[{""id"":""688643407099"",""name"":""防霉密封胶泥"",""link"":""https://detail.tmall.com/item.htm?id=993741263496&skuId=5446454970650"",""type"":""item""}]},{""request_id"":""70e11f7b3fdadc1e905abef0687fe2f2"",""recommend_items"":[{""id"":""942962616447"",""name"":""室内结构胶"",""link"":""https://detail.tmall.com/item.htm?id=942962616447&skuId=5841203556562"",""type"":""item""},{""id"":""898411998985"",""name"":""防火发泡胶"",""link"":""https://detail.tmall.com/item.htm?id=898411998985&skuId=6090158635313"",""type"":""item""}]}]}",3928136873728.PNM,question,chat,1,47,15,user,multimodal,question,"[{""type"":""image"",""text"":""图片消息"",""url"":""https://img.alicdn.com/imgextra/i1/O1CN01Xmrt1S28GY1CpNzwg_!!4611686018427382081-0-amp.jpg""}]",,history,2005533006720319490,立邦官方旗舰店:清清,海边夭夭,立邦官方旗舰店,实物拍摄(含售后),露出基层,,
2012744425775386625,1976114002808741890,2,real,"{""thoughts"":[{""service"":""家装行业相关"",""intention"":""局部修缮方案咨询"",""created_at"":""2026-01-18T04:30:56.505+00:00""},{""service"":""家装行业相关"",""intention"":""局部修缮方案咨询"",""created_at"":""2026-01-18T04:31:28.644+00:00""},{""service"":""家装行业相关"",""intention"":""局部修缮方案咨询"",""created_at"":""2026-01-18T04:31:41.063+00:00""},{""service"":""家装行业相关"",""intention"":""局部修缮方案咨询"",""created_at"":""2026-01-18T04:32:21.018+00:00""}],""recommend_contents"":[{""request_id"":""52f96479a87b90c4778fc1b7ee3f573a"",""recommend_items"":[{""id"":""942962616447"",""name"":""室内结构胶"",""link"":""https://detail.tmall.com/item.htm?id=942962616447&skuId=5841203556562"",""type"":""item""}]},{""request_id"":""e93eb5bf6aa78bfe444ab891b768dd8e"",""recommend_items"":[{""id"":""688643407099"",""name"":""防霉密封胶泥"",""link"":""https://detail.tmall.com/item.htm?id=993741263496&skuId=5446454970650"",""type"":""item""}]},{""request_id"":""70e11f7b3fdadc1e905abef0687fe2f2"",""recommend_items"":[{""id"":""942962616447"",""name"":""室内结构胶"",""link"":""https://detail.tmall.com/item.htm?id=942962616447&skuId=5841203556562"",""type"":""item""},{""id"":""898411998985"",""name"":""防火发泡胶"",""link"":""https://detail.tmall.com/item.htm?id=898411998985&skuId=6090158635313"",""type"":""item""}]}]}",3928162561052.PNM,question,chat,1,47,33,user,multimodal,question,"[{""type"":""image"",""text"":""图片消息"",""url"":""https://img.alicdn.com/imgextra/i1/O1CN01qKowrn28GY1CpUVea_!!4611686018427382081-0-amp.jpg""}]",,online,2005533006720319490,立邦官方旗舰店:清清,海边夭夭,立邦官方旗舰店,实物拍摄(含售后),起皮掉皮,,
2012745477593583617,1976114002808741890,2,real,"{""thoughts"":[{""service"":""商品咨询与推荐"",""intention"":""适用场景匹配"",""created_at"":""2026-01-18T04:35:09.132+00:00""},{""service"":""商品咨询与推荐"",""intention"":""适用场景匹配"",""created_at"":""2026-01-18T04:35:45.457+00:00""},{""service"":""商品咨询与推荐"",""intention"":""适用场景匹配"",""created_at"":""2026-01-18T04:38:04.359+00:00""},{""service"":""商品咨询与推荐"",""intention"":""商品咨询与推荐-商品适用场景匹配"",""created_at"":""2026-01-18T04:38:25.421+00:00""},{""service"":""商品咨询与推荐"",""intention"":""适用场景匹配"",""created_at"":""2026-01-18T04:38:54.621+00:00""},{""service"":""商品咨询与推荐"",""intention"":""适用场景匹配"",""action"":""classify_wall_issue"",""created_at"":""2026-01-18T04:41:31.250+00:00""}],""recommend_contents"":[{""request_id"":""9fb8932a151cbc68bbf9491dceb1efbd"",""recommend_items"":[{""id"":""631617350390"",""name"":""防水抗渗补墙膏"",""link"":""https://detail.tmall.com/item.htm?id=631617350390&skuId=5076161912206"",""type"":""item""}]},{""request_id"":""9fbe3e26673aa24e6c2c35432399b62e"",""recommend_items"":[{""id"":""959097600548"",""name"":""超抗裂补墙膏"",""link"":""https://detail.tmall.com/item.htm?id=631617350390&skuId=6060899030185"",""type"":""item""}]}]}",3928166564407.PNM,question,chat,1,31,6,user,multimodal,question,"[{""type"":""image"",""text"":""图片消息"",""url"":""https://img.alicdn.com/imgextra/i4/O1CN01v770d82JM0VtRT23A_!!4611686018427386478-0-amp.jpg""}]",,history,2005533006720319490,立邦官方旗舰店:清清,沫莜橙,立邦官方旗舰店,实物拍摄(含售后),露出基层,,
2012745636641591298,1976114002808741890,2,real,"{""thoughts"":[{""service"":""商品咨询与推荐"",""intention"":""适用场景匹配"",""action"":""confirm_answer"",""created_at"":""2026-01-18T04:35:50.519+00:00""}],""recommend_contents"":[{""request_id"":""cae10aafc308c41ff773ef0c59cf4a74"",""recommend_items"":[{""id"":""679124265044"",""name"":""净味补墙漆"",""link"":""https://detail.tmall.com/item.htm?id=754396076823&skuId=5371658086375"",""type"":""item""}]}]}",3928126962259.PNM,question,chat,1,48,4,user,multimodal,question,"[{""type"":""image"",""text"":""图片消息"",""url"":""https://img.alicdn.com/imgextra/i4/O1CN01QEPFHq2Caw738015K_!!4611686018427380459-0-amp.jpg""}]",,history,2005531847143251970,立邦官方旗舰店:辰辰,神奇彬bin,立邦官方旗舰店,实物拍摄(含售后),孔洞,,
2012747107785330689,1976114002808741890,2,real,"{""thoughts"":[{""service"":""商品咨询与推荐"",""intention"":""商品对比"",""created_at"":""2026-01-18T04:41:34.198+00:00""},{""service"":""商品咨询与推荐"",""intention"":""适用场景匹配"",""created_at"":""2026-01-18T04:42:08.491+00:00""},{""service"":""商品咨询与推荐"",""intention"":""适用场景匹配"",""created_at"":""2026-01-18T04:42:20.040+00:00""}],""recommend_contents"":[{""request_id"":""68f32cb7f493f551e3e955064827bd34"",""recommend_items"":[{""id"":""942962616447"",""name"":""室内结构胶"",""link"":""https://detail.tmall.com/item.htm?id=942962616447&skuId=5841203556562"",""type"":""item""}]}]}",3934325264160.PNM,question,chat,1,38,8,user,multimodal,question,"[{""type"":""image"",""text"":""图片消息"",""url"":""https://img.alicdn.com/imgextra/i3/O1CN01R38bg31DB7Dpok1bO_!!4611686018427382449-0-amp.jpg""}]",,online,2005533006720319490,立邦官方旗舰店:清清,杨榆擎燕,立邦官方旗舰店,实物拍摄(含售后),起皮掉皮,,
2012748605789392898,1976114002808741890,2,real,"{""thoughts"":[{""service"":""闲聊"",""intention"":""打招呼"",""created_at"":""2026-01-18T04:47:36.627+00:00""},{""service"":""闲聊"",""intention"":""打招呼"",""created_at"":""2026-01-18T04:47:42.845+00:00""}],""recommend_contents"":[]}",3928184865024.PNM,question,chat,1,23,5,user,multimodal,question,"[{""type"":""image"",""text"":""图片消息"",""url"":""https://img.alicdn.com/imgextra/i4/O1CN01HWKfOZ1r17Cfvui2h_!!4611686018427385282-0-amp.jpg""}]",,online,2005531847143251970,立邦官方旗舰店:辰辰,lisa高0920,立邦官方旗舰店,实物拍摄(含售后),全部未分类,,
2012749850151309313,1976114002808741890,2,real,"{""thoughts"":[{""service"":""闲聊"",""intention"":""打招呼"",""created_at"":""2026-01-18T04:52:28.507+00:00""},{""service"":""闲聊"",""intention"":""打招呼"",""created_at"":""2026-01-18T04:53:12.791+00:00""},{""service"":""闲聊"",""intention"":""打招呼"",""created_at"":""2026-01-18T04:54:13.367+00:00""}],""recommend_contents"":[{""request_id"":""819ba711e1fecf751532562f9cff2f66"",""recommend_items"":[{""id"":""677855311287"",""name"":""优氧环氧彩砂"",""link"":""https://detail.tmall.com/item.htm?id=677855311287&skuId=5465119015899"",""type"":""item""}]},{""request_id"":""2923d3c537c9e7677504af452e2d79fd"",""recommend_items"":[{""id"":""968972165791"",""name"":""塑钢泥"",""link"":""https://detail.tmall.com/item.htm?id=687557769879&skuId=5328525937651"",""type"":""item""},{""id"":""977144771727"",""name"":"""",""link"":"""",""type"":""item""}]}]}",3925138305621.PNM,question,chat,1,26,11,user,multimodal,question,"[{""type"":""image"",""text"":""图片消息"",""url"":""https://img.alicdn.com/imgextra/i2/O1CN01lWkJKp1dzewObOLkX_!!4611686018427381487-0-amp.jpg""}]",,online,2005533006720319490,立邦官方旗舰店:清清,jane520life,立邦官方旗舰店,实物拍摄(含售后),全部未分类,,
2012750932717948930,1976114002808741890,2,real,"{""thoughts"":[{""service"":""闲聊"",""intention"":""打招呼"",""created_at"":""2026-01-18T04:56:45.427+00:00""},{""service"":""闲聊"",""intention"":""打招呼"",""created_at"":""2026-01-18T04:56:50.096+00:00""}],""recommend_contents"":[{""request_id"":""7fc90c38a09e03e56619b6cf157b032d"",""recommend_items"":[{""id"":""631617350390"",""name"":""防水抗渗补墙膏"",""link"":""https://detail.tmall.com/item.htm?id=631617350390&skuId=5076161912206"",""type"":""item""}]}]}",3925150140411.PNM,question,chat,1,27,12,user,multimodal,question,"[{""type"":""image"",""text"":""图片消息"",""url"":""https://img.alicdn.com/imgextra/i3/O1CN01x8HK3o226ZhQqpSXo_!!4611686018427385103-0-amp.jpg""}]",,history,2005531847143251970,立邦官方旗舰店:辰辰,美羊羊的盾牌,立邦官方旗舰店,实物拍摄(含售后),涂鸦&污渍,,
2012750932717948930,1976114002808741890,2,real,"{""thoughts"":[{""service"":""闲聊"",""intention"":""打招呼"",""created_at"":""2026-01-18T04:56:45.427+00:00""},{""service"":""闲聊"",""intention"":""打招呼"",""created_at"":""2026-01-18T04:56:50.096+00:00""}],""recommend_contents"":[{""request_id"":""7fc90c38a09e03e56619b6cf157b032d"",""recommend_items"":[{""id"":""631617350390"",""name"":""防水抗渗补墙膏"",""link"":""https://detail.tmall.com/item.htm?id=631617350390&skuId=5076161912206"",""type"":""item""}]}]}",3934353206204.PNM,question,chat,1,27,16,user,multimodal,question,"[{""type"":""image"",""text"":""图片消息"",""url"":""https://img.alicdn.com/imgextra/i1/O1CN01ZS0fbw226ZhLgdf9q_!!4611686018427385103-0-amp.jpg""}]",,online,2005531847143251970,立邦官方旗舰店:辰辰,美羊羊的盾牌,立邦官方旗舰店,实物拍摄(含售后),涂鸦&污渍,,
2012751237020971010,1976114002808741890,2,real,"{""thoughts"":[{""service"":""商品咨询与推荐"",""intention"":""适用场景匹配"",""action"":""confirm_answer"",""created_at"":""2026-01-18T04:57:56.704+00:00""},{""service"":""商品咨询与推荐"",""intention"":""适用场景匹配"",""created_at"":""2026-01-18T04:58:35.307+00:00""},{""service"":""商品咨询与推荐"",""intention"":""适用场景匹配"",""created_at"":""2026-01-18T04:58:38.781+00:00""}],""recommend_contents"":[{""request_id"":""5db10025690ef1ba00fc4912fb4007db"",""recommend_items"":[{""id"":""931078751794"",""name"":""立邦静电遮蔽防飞溅保护膜"",""link"":"""",""type"":""item""}]}]}",3928218570023.PNM,question,chat,1,40,7,user,multimodal,question,"[{""type"":""image"",""text"":""图片消息"",""url"":""https://img.alicdn.com/imgextra/i3/O1CN01s0H5jQ1Z4dA2NLSWw_!!4611686018427386357-0-amp.jpg""}]",,online,2005528769472028674,立邦官方旗舰店:森森,篮球公猿,立邦官方旗舰店,实物拍摄(含售后),全部未分类,,
2012755868717502466,1976114002808741890,2,real,"{""thoughts"":[{""service"":""商品咨询与推荐"",""intention"":""适用场景匹配"",""created_at"":""2026-01-18T05:16:31.146+00:00""},{""service"":""家装行业相关"",""intention"":""施工技术咨询"",""created_at"":""2026-01-18T05:18:50.314+00:00""},{""service"":""家装行业相关"",""intention"":""施工技术咨询"",""created_at"":""2026-01-18T05:19:11.956+00:00""}],""recommend_contents"":[{""request_id"":""a89d7e4670461e6fbe225b9341201139"",""recommend_items"":[{""id"":""991522784157"",""name"":""改色大滚刷补墙漆"",""link"":""https://detail.tmall.com/item.htm?id=990056317009&skuId=5956220328582"",""type"":""item""},{""id"":""884251175165"",""name"":""大滚刷补墙漆"",""link"":""https://detail.tmall.com/item.htm?id=863831138785&skuId=5688639377746"",""type"":""item""},{""id"":""899431446215"",""name"":""大滚刷补墙漆"",""link"":""https://detail.tmall.com/item.htm?id=863831138785&skuId=5688639377746"",""type"":""item""}]},{""request_id"":""805c2fabe2fee5c132acb7d63ee92327"",""recommend_items"":[{""id"":""934108947410"",""name"":""聚脲免砸砖防水"",""link"":""https://detail.tmall.com/item.htm?id=625940120948&skuId=5966617318364"",""type"":""item""}]}]}",3925202030590.PNM,question,chat,1,85,2,user,multimodal,question,"[{""type"":""image"",""text"":""图片消息"",""url"":""https://img.alicdn.com/imgextra/i4/O1CN01Fs6gjz1CiifMU9uBU_!!4611686018427383219-0-amp.jpg""}]",,history,2005533006720319490,立邦官方旗舰店:清清,xiaojin2099,立邦官方旗舰店,实物拍摄(含售后),起皮掉皮,,
2012755868717502466,1976114002808741890,2,real,"{""thoughts"":[{""service"":""商品咨询与推荐"",""intention"":""适用场景匹配"",""created_at"":""2026-01-18T05:16:31.146+00:00""},{""service"":""家装行业相关"",""intention"":""施工技术咨询"",""created_at"":""2026-01-18T05:18:50.314+00:00""},{""service"":""家装行业相关"",""intention"":""施工技术咨询"",""created_at"":""2026-01-18T05:19:11.956+00:00""}],""recommend_contents"":[{""request_id"":""a89d7e4670461e6fbe225b9341201139"",""recommend_items"":[{""id"":""991522784157"",""name"":""改色大滚刷补墙漆"",""link"":""https://detail.tmall.com/item.htm?id=990056317009&skuId=5956220328582"",""type"":""item""},{""id"":""884251175165"",""name"":""大滚刷补墙漆"",""link"":""https://detail.tmall.com/item.htm?id=863831138785&skuId=5688639377746"",""type"":""item""},{""id"":""899431446215"",""name"":""大滚刷补墙漆"",""link"":""https://detail.tmall.com/item.htm?id=863831138785&skuId=5688639377746"",""type"":""item""}]},{""request_id"":""805c2fabe2fee5c132acb7d63ee92327"",""recommend_items"":[{""id"":""934108947410"",""name"":""聚脲免砸砖防水"",""link"":""https://detail.tmall.com/item.htm?id=625940120948&skuId=5966617318364"",""type"":""item""}]}]}",3928230861235.PNM,question,chat,1,85,13,user,multimodal,question,"[{""type"":""image"",""text"":""图片消息"",""url"":""https://img.alicdn.com/imgextra/i2/O1CN01Lg43S81CiifL4sPgK_!!4611686018427383219-0-amp.jpg""}]",,online,2005533006720319490,立邦官方旗舰店:清清,xiaojin2099,立邦官方旗舰店,实物拍摄(含售后),涂鸦&污渍,,
2012758189371379714,1976114002808741890,2,real,"{""thoughts"":[{""service"":""商品咨询与推荐"",""intention"":""适用场景匹配"",""created_at"":""2026-01-18T05:25:35.089+00:00""},{""service"":""商品咨询与推荐"",""intention"":""商品使用方法"",""created_at"":""2026-01-18T05:26:07.528+00:00""},{""service"":""商品咨询与推荐"",""intention"":""商品使用方法"",""created_at"":""2026-01-18T05:26:40.098+00:00""}],""recommend_contents"":[{""request_id"":""471f8e63137c9b5602177df732181a56"",""recommend_items"":[{""id"":""662639606348"",""name"":""Gplus-防水防霉密封胶"",""link"":""https://detail.tmall.com/item.htm?id=681035295767&skuId=5931444260200"",""type"":""item""}]}]}",3925210368950.PNM,question,chat,1,23,8,user,multimodal,question,"[{""type"":""image"",""text"":""图片消息"",""url"":""https://img.alicdn.com/imgextra/i4/O1CN01C0H71v1IFIvHlRZDx_!!4611686018427385279-0-amp.jpg""}]",,online,2005533006720319490,立邦官方旗舰店:清清,苏瑾大宝宝,立邦官方旗舰店,实物拍摄(含售后),露出基层,,
2012760734783303681,1976114002808741890,2,real,"{""thoughts"":[{""service"":""闲聊"",""intention"":""打招呼"",""created_at"":""2026-01-18T05:35:45.712+00:00""},{""service"":""闲聊"",""intention"":""打招呼"",""created_at"":""2026-01-18T05:35:52.458+00:00""}],""recommend_contents"":[{""request_id"":""1bf8a3eb38e2d18496d936beaf2cada1"",""recommend_items"":[{""id"":""863831138785"",""name"":""大滚刷补墙漆"",""link"":""https://detail.tmall.com/item.htm?id=863831138785&skuId=5688639377746"",""type"":""item""}]}]}",3934429121346.PNM,question,chat,1,15,9,user,multimodal,question,"[{""type"":""image"",""text"":""图片消息"",""url"":""https://img.alicdn.com/imgextra/i4/O1CN01FAAk3M1xkoPuVBaib_!!4611686018427386194-0-amp.jpg""}]",,online,2005528769472028674,立邦官方旗舰店:森森,heartfly329,立邦官方旗舰店,实物拍摄(含售后),涂鸦&污渍,,
2012760840643342337,1976114002808741890,2,real,"{""thoughts"":[{""service"":""商品咨询与推荐"",""intention"":""适用场景匹配"",""created_at"":""2026-01-18T05:36:17.064+00:00""},{""service"":""商品咨询与推荐"",""intention"":""适用场景匹配"",""created_at"":""2026-01-18T05:36:55.720+00:00""},{""service"":""商品咨询与推荐"",""intention"":""适用场景匹配"",""created_at"":""2026-01-18T05:37:42.225+00:00""},{""service"":""闲聊"",""intention"":""打招呼"",""created_at"":""2026-01-18T07:51:23.493+00:00""}],""recommend_contents"":[{""request_id"":""910b888fbc0d38bffc5f049911fe8b4e"",""recommend_items"":[{""id"":""833654867738"",""name"":""水性木器漆（纯白）"",""link"":""https://detail.tmall.com/item.htm?id=684081098522&skuId=5765559817607"",""type"":""item""}]}]}",3928274786879.PNM,question,chat,1,47,2,user,multimodal,question,"[{""type"":""image"",""text"":""图片消息"",""url"":""https://img.alicdn.com/imgextra/i1/O1CN01jiwlxE2I16pDrqnor_!!4611686018427386601-0-amp.jpg""}]",,history,2005528769472028674,立邦官方旗舰店:森森,jinrongbin,立邦官方旗舰店,实物拍摄(含售后),全部未分类,,
2012760840643342337,1976114002808741890,2,real,"{""thoughts"":[{""service"":""商品咨询与推荐"",""intention"":""适用场景匹配"",""created_at"":""2026-01-18T05:36:17.064+00:00""},{""service"":""商品咨询与推荐"",""intention"":""适用场景匹配"",""created_at"":""2026-01-18T05:36:55.720+00:00""},{""service"":""商品咨询与推荐"",""intention"":""适用场景匹配"",""created_at"":""2026-01-18T05:37:42.225+00:00""},{""service"":""闲聊"",""intention"":""打招呼"",""created_at"":""2026-01-18T07:51:23.493+00:00""}],""recommend_contents"":[{""request_id"":""910b888fbc0d38bffc5f049911fe8b4e"",""recommend_items"":[{""id"":""833654867738"",""name"":""水性木器漆（纯白）"",""link"":""https://detail.tmall.com/item.htm?id=684081098522&skuId=5765559817607"",""type"":""item""}]}]}",3928274882665.PNM,question,chat,1,47,9,user,multimodal,question,"[{""type"":""image"",""text"":""图片消息"",""url"":""https://img.alicdn.com/imgextra/i4/O1CN01DIuPMp2I16pDhwb98_!!4611686018427386601-0-amp.jpg""}]",,online,2005528769472028674,立邦官方旗舰店:森森,jinrongbin,立邦官方旗舰店,实物拍摄(含售后),全部未分类,,
2012767446351302657,1976114002808741890,2,real,"{""thoughts"":[{""service"":""商品咨询与推荐"",""intention"":""适用场景匹配"",""created_at"":""2026-01-18T06:02:24.391+00:00""},{""service"":""商品咨询与推荐"",""intention"":""适用场景匹配"",""created_at"":""2026-01-18T06:03:55.306+00:00""}],""recommend_contents"":[{""request_id"":""6c0cce97aedfc55cea3f9b19c0d08de4"",""recommend_items"":[{""id"":""990056317009"",""name"":""改色大滚刷补墙漆"",""link"":""https://detail.tmall.com/item.htm?id=990056317009&skuId=5956220328582"",""type"":""item""}]}]}",3934477351096.PNM,question,chat,1,33,12,user,multimodal,question,"[{""type"":""image"",""text"":""图片消息"",""url"":""https://img.alicdn.com/imgextra/i4/O1CN01i84Smm29eeTkXFJnU_!!4611686018427383965-0-amp.jpg""}]",,online,2005531847143251970,立邦官方旗舰店:辰辰,leizhao_2007,立邦官方旗舰店,实物拍摄(含售后),起皮掉皮,,
2012768661753622530,1976114002808741890,2,real,"{""thoughts"":[{""service"":""闲聊"",""intention"":""打招呼"",""created_at"":""2026-01-18T06:07:11.547+00:00""},{""service"":""闲聊"",""intention"":""打招呼"",""created_at"":""2026-01-18T06:07:43.463+00:00""},{""service"":""闲聊"",""intention"":""打招呼"",""created_at"":""2026-01-18T06:08:45.297+00:00""}],""recommend_contents"":[{""request_id"":""de6f4acbcdcfbdb85336f7fdc1c8f9ed"",""recommend_items"":[{""id"":""809182768701"",""name"":""PET地板革"",""link"":""https://detail.tmall.com/item.htm?id=809182768701&skuId=5871530387871"",""type"":""item""}]}]}",3934755838938.PNM,question,chat,1,36,10,user,multimodal,question,"[{""type"":""image"",""text"":""图片消息"",""url"":""https://img.alicdn.com/imgextra/i3/O1CN01zVG8Py1ta2dj6cGIU_!!4611686018427384093-0-amp.jpg""}]",,online,2005528769472028674,立邦官方旗舰店:森森,lxp20130910,立邦官方旗舰店,实物拍摄(含售后),裂缝,,
2012772040349380610,1976114002808741890,2,real,"{""thoughts"":[{""service"":""其他"",""intention"":"""",""created_at"":""2026-01-18T06:20:36.091+00:00""}],""recommend_contents"":[]}",3934507166123.PNM,question,chat,1,33,18,user,multimodal,question,"[{""type"":""image"",""text"":""图片消息"",""url"":""https://img.alicdn.com/imgextra/i1/O1CN01Y21HlH1KjC098KiOQ_!!4611686018427380543-0-amp.jpg""}]",,history,2005528769472028674,立邦官方旗舰店:森森,tb557771857,立邦官方旗舰店,实物拍摄(含售后),露出基层,,
2012772870490222594,1976114002808741890,2,real,"{""thoughts"":[{""service"":""商品咨询与推荐"",""intention"":""适用场景匹配"",""created_at"":""2026-01-18T06:24:01.510+00:00""},{""service"":""商品咨询与推荐"",""intention"":""商品咨询与推荐-商品使用方法"",""created_at"":""2026-01-18T06:24:51.304+00:00""}],""recommend_contents"":[{""request_id"":""dccd06824325096883ee2cf6beb6dd6f"",""recommend_items"":[{""id"":""993614613160"",""name"":""超抗裂补墙膏"",""link"":""https://detail.tmall.com/item.htm?id=631617350390&skuId=6060899030185"",""type"":""item""}]}]}",3934779544154.PNM,question,chat,1,40,5,user,multimodal,question,"[{""type"":""image"",""text"":""图片消息"",""url"":""https://img.alicdn.com/imgextra/i3/O1CN01W0SoGw1GVfqclLEWE_!!4611686018427385412-0-amp.jpg""}]",,history,2005528769472028674,立邦官方旗舰店:森森,tb54600510,立邦官方旗舰店,实物拍摄(含售后),裂缝,,
2012772870490222594,1976114002808741890,2,real,"{""thoughts"":[{""service"":""商品咨询与推荐"",""intention"":""适用场景匹配"",""created_at"":""2026-01-18T06:24:01.510+00:00""},{""service"":""商品咨询与推荐"",""intention"":""商品咨询与推荐-商品使用方法"",""created_at"":""2026-01-18T06:24:51.304+00:00""}],""recommend_contents"":[{""request_id"":""dccd06824325096883ee2cf6beb6dd6f"",""recommend_items"":[{""id"":""993614613160"",""name"":""超抗裂补墙膏"",""link"":""https://detail.tmall.com/item.htm?id=631617350390&skuId=6060899030185"",""type"":""item""}]}]}",3925314441926.PNM,question,chat,1,40,6,user,multimodal,question,"[{""type"":""image"",""text"":""图片消息"",""url"":""https://img.alicdn.com/imgextra/i1/O1CN01BaYqUI1GVfqcsfKGk_!!4611686018427385412-0-amp.jpg""}]",,history,2005528769472028674,立邦官方旗舰店:森森,tb54600510,立邦官方旗舰店,实物拍摄(含售后),裂缝,,
2012773238460706817,1976114002808741890,2,real,"{""thoughts"":[{""service"":""商品咨询与推荐"",""intention"":""商品使用方法"",""created_at"":""2026-01-18T06:25:37.653+00:00""}],""recommend_contents"":[{""request_id"":""ae63f7bdc9dd62b6eefacd6fc21d254a"",""recommend_items"":[{""id"":""662639606348"",""name"":""Gplus-防水防霉密封胶"",""link"":""https://detail.tmall.com/item.htm?id=681035295767&skuId=5931444260200"",""type"":""item""}]}]}",3925332171378.PNM,question,chat,1,9,2,user,multimodal,question,"[{""type"":""image"",""text"":""图片消息"",""url"":""https://img.alicdn.com/imgextra/i1/O1CN017pBpv624RIr9aFZW2_!!4611686018427386427-0-amp.jpg""}]",,history,2005528769472028674,立邦官方旗舰店:森森,严xiaohan,立邦官方旗舰店,实物拍摄(含售后),全部未分类,,
2012774082289684481,1976114002808741890,2,real,"{""thoughts"":[{""service"":""家装行业相关"",""intention"":""局部修缮方案咨询"",""created_at"":""2026-01-18T06:28:51.089+00:00""},{""service"":""家装行业相关"",""intention"":""局部修缮方案咨询"",""created_at"":""2026-01-18T06:29:58.599+00:00""}],""recommend_contents"":[{""request_id"":""d177650bfef1372fdfe7e5ca3d11c016"",""recommend_items"":[{""id"":""863831138785"",""name"":""大滚刷补墙漆"",""link"":""https://detail.tmall.com/item.htm?id=863831138785&skuId=5688639377746"",""type"":""item""}]},{""request_id"":""ed2512f053431fe692f986b9a3266e7d"",""recommend_items"":[{""id"":""884251175165"",""name"":""大滚刷补墙漆"",""link"":""https://detail.tmall.com/item.htm?id=863831138785&skuId=5688639377746"",""type"":""item""}]}]}",3928382947672.PNM,question,chat,1,36,2,user,multimodal,question,"[{""type"":""image"",""text"":""图片消息"",""url"":""https://img.alicdn.com/imgextra/i3/O1CN01I7cjIL1NNcBmXKcEl_!!4611686018427381270-0-amp.jpg""}]",,history,2005531847143251970,立邦官方旗舰店:辰辰,michael_fsher,立邦官方旗舰店,实物拍摄(含售后),起皮掉皮,,
2012774082289684481,1976114002808741890,2,real,"{""thoughts"":[{""service"":""家装行业相关"",""intention"":""局部修缮方案咨询"",""created_at"":""2026-01-18T06:28:51.089+00:00""},{""service"":""家装行业相关"",""intention"":""局部修缮方案咨询"",""created_at"":""2026-01-18T06:29:58.599+00:00""}],""recommend_contents"":[{""request_id"":""d177650bfef1372fdfe7e5ca3d11c016"",""recommend_items"":[{""id"":""863831138785"",""name"":""大滚刷补墙漆"",""link"":""https://detail.tmall.com/item.htm?id=863831138785&skuId=5688639377746"",""type"":""item""}]},{""request_id"":""ed2512f053431fe692f986b9a3266e7d"",""recommend_items"":[{""id"":""884251175165"",""name"":""大滚刷补墙漆"",""link"":""https://detail.tmall.com/item.htm?id=863831138785&skuId=5688639377746"",""type"":""item""}]}]}",3928382960243.PNM,question,chat,1,36,5,user,multimodal,question,"[{""type"":""image"",""text"":""图片消息"",""url"":""https://img.alicdn.com/imgextra/i3/O1CN01lHOo431dDZM0z6QcV_!!4611686018427383414-0-amp.jpg""}]",,history,2005531847143251970,立邦官方旗舰店:辰辰,michael_fsher,立邦官方旗舰店,实物拍摄(含售后),起皮掉皮,,
2012774697969446914,1976114002808741890,2,real,"{""thoughts"":[{""service"":""商品咨询与推荐"",""intention"":""商品用量咨询"",""action"":""estimate_material_quantity"",""created_at"":""2026-01-18T06:31:14.164+00:00""},{""service"":""商品咨询与推荐"",""intention"":""商品用量咨询"",""created_at"":""2026-01-18T06:41:11.534+00:00""},{""service"":""闲聊"",""intention"":""打招呼"",""created_at"":""2026-01-18T06:41:28.347+00:00""}],""recommend_contents"":[{""request_id"":""7a3cd0bd7b712375f550f4f3794e67c3"",""recommend_items"":[{""id"":""662110937733"",""name"":""瓷砖空鼓剂"",""link"":""https://detail.tmall.com/item.htm?id=662110937733&skuId=5595548391837"",""type"":""item""}]}]}",3928384992970.PNM,question,chat,1,30,6,user,multimodal,question,"[{""type"":""image"",""text"":""图片消息"",""url"":""https://img.alicdn.com/imgextra/i4/O1CN01DdJVez1VvypijQRTV_!!4611686018427383564-0-amp.jpg""}]",,history,2005528769472028674,立邦官方旗舰店:森森,蔚小娴,立邦官方旗舰店,实物拍摄(含售后),全部未分类,,
2012774697969446914,1976114002808741890,2,real,"{""thoughts"":[{""service"":""商品咨询与推荐"",""intention"":""商品用量咨询"",""action"":""estimate_material_quantity"",""created_at"":""2026-01-18T06:31:14.164+00:00""},{""service"":""商品咨询与推荐"",""intention"":""商品用量咨询"",""created_at"":""2026-01-18T06:41:11.534+00:00""},{""service"":""闲聊"",""intention"":""打招呼"",""created_at"":""2026-01-18T06:41:28.347+00:00""}],""recommend_contents"":[{""request_id"":""7a3cd0bd7b712375f550f4f3794e67c3"",""recommend_items"":[{""id"":""662110937733"",""name"":""瓷砖空鼓剂"",""link"":""https://detail.tmall.com/item.htm?id=662110937733&skuId=5595548391837"",""type"":""item""}]}]}",3925336390574.PNM,question,chat,1,30,9,user,multimodal,question,"[{""type"":""image"",""text"":""图片消息"",""url"":""https://img.alicdn.com/imgextra/i1/O1CN01PSKUF41VvyphmCHD0_!!4611686018427383564-0-amp.jpg""}]",,history,2005528769472028674,立邦官方旗舰店:森森,蔚小娴,立邦官方旗舰店,实物拍摄(含售后),全部未分类,,
2012775142339178498,1976114002808741890,2,real,"{""recommend_contents"":[]}",3925340072727.PNM,question,chat,1,15,1,user,multimodal,question,"[{""type"":""image"",""text"":""图片消息"",""url"":""https://img.alicdn.com/imgextra/i2/O1CN01i6i2Pc1eiXksNeFgW_!!4611686018427381969-0-amp.jpg""}]",,online,2005528769472028674,立邦官方旗舰店:森森,快乐至上_01,立邦官方旗舰店,实物拍摄(含售后),涂鸦&污渍,,
2012775142339178498,1976114002808741890,2,real,"{""recommend_contents"":[]}",3934523294404.PNM,question,chat,1,15,2,user,multimodal,question,"[{""type"":""image"",""text"":""图片消息"",""url"":""https://img.alicdn.com/imgextra/i3/O1CN01RxLSNG1eiXktn9ZWc_!!4611686018427381969-0-amp.jpg""}]",,history,2005528769472028674,立邦官方旗舰店:森森,快乐至上_01,立邦官方旗舰店,实物拍摄(含售后),涂鸦&污渍,,
2012778548426526721,1976114002808741890,2,real,"{""thoughts"":[{""service"":""闲聊"",""intention"":""打招呼"",""created_at"":""2026-01-18T06:46:25.661+00:00""},{""service"":""店铺或品牌相关"",""intention"":""品牌认知&公关话术"",""created_at"":""2026-01-18T06:46:40.372+00:00""},{""service"":""店铺或品牌相关"",""intention"":""品牌认知&公关话术"",""created_at"":""2026-01-18T06:47:03.178+00:00""}],""recommend_contents"":[{""request_id"":""8cba8d0df8a8cb61c720e01884f78a9a"",""recommend_items"":[{""id"":""631788922639"",""name"":""星空灰可外露屋面防水"",""link"":""https://detail.tmall.com/item.htm?id=631788922639&skuId=5932166205947"",""type"":""item""}]}]}",3925354348698.PNM,question,chat,1,17,6,user,multimodal,question,"[{""type"":""image"",""text"":""图片消息"",""url"":""https://img.alicdn.com/imgextra/i1/O1CN01SkbkQL1il4P45cMgq_!!4611686018427387524-0-amp.jpg""}]",,online,2005533006720319490,立邦官方旗舰店:清清,李王先生小姐,立邦官方旗舰店,实物拍摄(含售后),全部未分类,,
2012780955539664898,1976114002808741890,2,real,"{""thoughts"":[{""service"":""其他"",""intention"":"""",""action"":""classify_wall_issue"",""created_at"":""2026-01-18T06:55:53.514+00:00""}],""recommend_contents"":[]}",3934845517505.PNM,question,chat,1,90,11,user,multimodal,question,"[{""type"":""image"",""text"":""图片消息"",""url"":""https://img.alicdn.com/imgextra/i3/O1CN01Vgbm521aKwt8K3og1_!!4611686018427386736-0-amp.jpg""}]",,history,2005528769472028674,立邦官方旗舰店:森森,我是大神lol,立邦官方旗舰店,实物拍摄(含售后),起皮掉皮,,
2012780955539664898,1976114002808741890,2,real,"{""thoughts"":[{""service"":""其他"",""intention"":"""",""action"":""classify_wall_issue"",""created_at"":""2026-01-18T06:55:53.514+00:00""}],""recommend_contents"":[]}",3928430854719.PNM,question,chat,1,90,12,user,multimodal,question,"[{""type"":""image"",""text"":""图片消息"",""url"":""https://img.alicdn.com/imgextra/i4/O1CN01EwaccV1aKwt7se1o8_!!4611686018427386736-0-amp.jpg""}]",,history,2005528769472028674,立邦官方旗舰店:森森,我是大神lol,立邦官方旗舰店,实物拍摄(含售后),孔洞,,
2012780955539664898,1976114002808741890,2,real,"{""thoughts"":[{""service"":""其他"",""intention"":"""",""action"":""classify_wall_issue"",""created_at"":""2026-01-18T06:55:53.514+00:00""}],""recommend_contents"":[]}",3928434877725.PNM,question,chat,1,90,13,user,multimodal,question,"[{""type"":""image"",""text"":""图片消息"",""url"":""https://img.alicdn.com/imgextra/i2/O1CN017HKnJx1aKwt7zrH6v_!!4611686018427386736-0-amp.jpg""}]",,history,2005528769472028674,立邦官方旗舰店:森森,我是大神lol,立邦官方旗舰店,实物拍摄(含售后),露出基层,,
2012781804198359041,1976114002808741890,2,real,"{""thoughts"":[{""service"":""其他"",""intention"":"""",""created_at"":""2026-01-18T06:59:18.893+00:00""}],""recommend_contents"":[]}",3934841789399.PNM,question,chat,1,49,8,user,multimodal,question,"[{""type"":""image"",""text"":""图片消息"",""url"":""https://img.alicdn.com/imgextra/i1/O1CN01NZsmMY2IIVsH1D0QS_!!4611686018427382895-0-amp.jpg""}]",,history,2005528769472028674,立邦官方旗舰店:森森,清水美伊7928,立邦官方旗舰店,实物拍摄(含售后),全部未分类,,
2012781804198359041,1976114002808741890,2,real,"{""thoughts"":[{""service"":""其他"",""intention"":"""",""created_at"":""2026-01-18T06:59:18.893+00:00""}],""recommend_contents"":[]}",3934591175923.PNM,question,chat,1,49,19,user,multimodal,question,"[{""type"":""image"",""text"":""图片消息"",""url"":""https://img.alicdn.com/imgextra/i1/O1CN01xzfgWG2IIVsMDJ6KM_!!4611686018427382895-0-amp.jpg""}]",,online,2005528769472028674,立邦官方旗舰店:森森,清水美伊7928,立邦官方旗舰店,实物拍摄(含售后),全部未分类,,
2012783610978693121,1976114002808741890,2,real,"{""thoughts"":[{""service"":""闲聊"",""intention"":""打招呼"",""created_at"":""2026-01-18T07:06:29.340+00:00""},{""service"":""闲聊"",""intention"":""打招呼"",""created_at"":""2026-01-18T07:06:52.816+00:00""}],""recommend_contents"":[]}",3934857589655.PNM,question,chat,1,25,5,user,multimodal,question,"[{""type"":""image"",""text"":""图片消息"",""url"":""https://img.alicdn.com/imgextra/i2/O1CN01rA6Rpk1Pm0VwZCKuK_!!4611686018427379898-0-amp.jpg""}]",,online,2005528769472028674,立邦官方旗舰店:森森,秋月残荷,立邦官方旗舰店,实物拍摄(含售后),全部未分类,,
2012787309857820673,1976114002808741890,2,real,"{""thoughts"":[{""service"":""商品咨询与推荐"",""intention"":""适用场景匹配"",""created_at"":""2026-01-18T07:21:22.091+00:00""},{""service"":""商品咨询与推荐"",""intention"":""适用场景匹配"",""created_at"":""2026-01-18T07:22:35.313+00:00""}],""recommend_contents"":[{""request_id"":""29885289e6e855d99a20a238ad885a56"",""recommend_items"":[{""id"":""991522784157"",""name"":""改色大滚刷补墙漆"",""link"":""https://detail.tmall.com/item.htm?id=990056317009&skuId=5956220328582"",""type"":""item""}]}]}",3934627387756.PNM,question,chat,1,42,9,user,multimodal,question,"[{""type"":""image"",""text"":""图片消息"",""url"":""https://img.alicdn.com/imgextra/i2/O1CN01XimihW2LaK7oOBjdA_!!4611686018427387676-0-amp.jpg""}]",,online,2005531847143251970,立邦官方旗舰店:辰辰,tb809803035,立邦官方旗舰店,实物拍摄(含售后),涂鸦&污渍,,
2012787882644557826,1976114002808741890,2,real,"{""thoughts"":[{""service"":""商品咨询与推荐"",""intention"":""商品效果预期"",""created_at"":""2026-01-18T07:23:32.886+00:00""},{""service"":""商品咨询与推荐"",""intention"":""商品选型"",""created_at"":""2026-01-18T07:23:55.996+00:00""},{""service"":""商品咨询与推荐"",""intention"":""适用场景匹配"",""created_at"":""2026-01-18T07:24:20.479+00:00""},{""service"":""商品咨询与推荐"",""intention"":""适用场景匹配"",""created_at"":""2026-01-18T07:24:47.173+00:00""},{""service"":""商品咨询与推荐"",""intention"":""适用场景匹配"",""created_at"":""2026-01-18T07:25:57.343+00:00""}],""recommend_contents"":[{""request_id"":""c69f4748d20296fd80a0869e51e4747f"",""recommend_items"":[{""id"":""714788418857"",""name"":""G30-长效防霉密封胶"",""link"":""https://detail.tmall.com/item.htm?id=681035295767&skuId=4979172292028"",""type"":""item""}]},{""request_id"":""070d8f72a0be54034dba9c5df3059665"",""recommend_items"":[{""id"":""662639606348"",""name"":""Gplus-防水防霉密封胶"",""link"":""https://detail.tmall.com/item.htm?id=681035295767&skuId=5931444260200"",""type"":""item""}]}]}",3934637157488.PNM,question,chat,1,39,13,user,multimodal,question,"[{""type"":""image"",""text"":""图片消息"",""url"":""https://img.alicdn.com/imgextra/i2/O1CN01R7zX3h2LPn11R00Bd_!!4611686018427387733-0-amp.jpg""}]",,online,2005533006720319490,立邦官方旗舰店:清清,tb39058666,立邦官方旗舰店,实物拍摄(含售后),涂鸦&污渍,,
2012788590485762049,1976114002808741890,2,real,"{""thoughts"":[{""service"":""其他"",""intention"":"""",""action"":""classify_wall_issue"",""created_at"":""2026-01-18T07:26:16.163+00:00""}],""recommend_contents"":[]}",3928494517077.PNM,question,chat,1,34,5,user,multimodal,question,"[{""type"":""image"",""text"":""图片消息"",""url"":""https://img.alicdn.com/imgextra/i3/O1CN01o50WIt1cR1N4U49ZN_!!4611686018427386044-0-amp.jpg""}]",,history,2005528769472028674,立邦官方旗舰店:森森,淘淘乐418,立邦官方旗舰店,实物拍摄(含售后),涂鸦&污渍,,
2012790462804217858,1976114002808741890,2,real,"{""thoughts"":[{""service"":""其他"",""intention"":"""",""action"":""classify_wall_issue"",""created_at"":""2026-01-18T07:33:47.214+00:00""}],""recommend_contents"":[]}",3934643379991.PNM,question,chat,1,51,2,user,multimodal,question,"[{""type"":""image"",""text"":""图片消息"",""url"":""https://img.alicdn.com/imgextra/i2/O1CN01cCzsWz2FlsQBUMGXa_!!4611686018427386697-0-amp.jpg""}]",,history,2005531847143251970,立邦官方旗舰店:辰辰,小狐狸面具,立邦官方旗舰店,实物拍摄(含售后),起皮掉皮,,
2012790462804217858,1976114002808741890,2,real,"{""thoughts"":[{""service"":""其他"",""intention"":"""",""action"":""classify_wall_issue"",""created_at"":""2026-01-18T07:33:47.214+00:00""}],""recommend_contents"":[]}",3925442131836.PNM,question,chat,1,51,5,user,multimodal,question,"[{""type"":""image"",""text"":""图片消息"",""url"":""https://img.alicdn.com/imgextra/i2/O1CN01xCGpaP2FlsQB9iPcI_!!4611686018427386697-0-amp.jpg""}]",,history,2005531847143251970,立邦官方旗舰店:辰辰,小狐狸面具,立邦官方旗舰店,实物拍摄(含售后),起皮掉皮,,
2012792031572455426,1976114002808741890,2,real,"{""thoughts"":[{""service"":""其他"",""intention"":"""",""created_at"":""2026-01-18T07:39:56.367+00:00""}],""recommend_contents"":[]}",3934683013378.PNM,question,chat,1,21,9,user,multimodal,question,"[{""type"":""image"",""text"":""图片消息"",""url"":""https://img.alicdn.com/imgextra/i2/O1CN01ZDJHlV1iNFo8q8e4w_!!4611686018427379856-0-amp.jpg""}]",,history,2005528769472028674,立邦官方旗舰店:森森,tb283109456,立邦官方旗舰店,实物拍摄(含售后),全部未分类,,
2012792031572455426,1976114002808741890,2,real,"{""thoughts"":[{""service"":""其他"",""intention"":"""",""created_at"":""2026-01-18T07:39:56.367+00:00""}],""recommend_contents"":[]}",3928522521686.PNM,question,chat,1,21,16,user,multimodal,question,"[{""type"":""image"",""text"":""图片消息"",""url"":""https://img.alicdn.com/imgextra/i3/O1CN01kZ2wXd1iNFo9AV7jq_!!4611686018427379856-0-amp.jpg""}]",,online,2005528769472028674,立邦官方旗舰店:森森,tb283109456,立邦官方旗舰店,实物拍摄(含售后),全部未分类,,
2012792970584846338,1976114002808741890,2,real,"{""thoughts"":[{""service"":""家装行业相关"",""intention"":""局部修缮方案咨询"",""action"":""confirm_answer"",""created_at"":""2026-01-18T07:43:51.699+00:00""}],""recommend_contents"":[{""request_id"":""a73b127c0943921c2e25c7cf84c67bd7"",""recommend_items"":[{""id"":""679124265044"",""name"":""净味补墙漆"",""link"":""https://detail.tmall.com/item.htm?id=754396076823&skuId=5371658086375"",""type"":""item""},{""id"":""863831138785"",""name"":""大滚刷补墙漆"",""link"":""https://detail.tmall.com/item.htm?id=863831138785&skuId=5688639377746"",""type"":""item""}]}]}",3934683148959.PNM,question,chat,1,52,2,user,multimodal,question,"[{""type"":""image"",""text"":""图片消息"",""url"":""https://img.alicdn.com/imgextra/i1/O1CN01oO8RF51iOAbFQLx5i_!!4611686018427383554-0-amp.jpg""}]",,history,2005528769472028674,立邦官方旗舰店:森森,蔡泽杰30,立邦官方旗舰店,实物拍摄(含售后),裂缝,,
2012792970584846338,1976114002808741890,2,real,"{""thoughts"":[{""service"":""家装行业相关"",""intention"":""局部修缮方案咨询"",""action"":""confirm_answer"",""created_at"":""2026-01-18T07:43:51.699+00:00""}],""recommend_contents"":[{""request_id"":""a73b127c0943921c2e25c7cf84c67bd7"",""recommend_items"":[{""id"":""679124265044"",""name"":""净味补墙漆"",""link"":""https://detail.tmall.com/item.htm?id=754396076823&skuId=5371658086375"",""type"":""item""},{""id"":""863831138785"",""name"":""大滚刷补墙漆"",""link"":""https://detail.tmall.com/item.htm?id=863831138785&skuId=5688639377746"",""type"":""item""}]}]}",3925434477754.PNM,question,chat,1,52,5,user,multimodal,question,"[{""type"":""image"",""text"":""图片消息"",""url"":""https://img.alicdn.com/imgextra/i3/O1CN01oYajI21iOAbB5yxhv_!!4611686018427383554-0-amp.jpg""}]",,history,2005528769472028674,立邦官方旗舰店:森森,蔡泽杰30,立邦官方旗舰店,实物拍摄(含售后),全部未分类,,
2012792970584846338,1976114002808741890,2,real,"{""thoughts"":[{""service"":""家装行业相关"",""intention"":""局部修缮方案咨询"",""action"":""confirm_answer"",""created_at"":""2026-01-18T07:43:51.699+00:00""}],""recommend_contents"":[{""request_id"":""a73b127c0943921c2e25c7cf84c67bd7"",""recommend_items"":[{""id"":""679124265044"",""name"":""净味补墙漆"",""link"":""https://detail.tmall.com/item.htm?id=754396076823&skuId=5371658086375"",""type"":""item""},{""id"":""863831138785"",""name"":""大滚刷补墙漆"",""link"":""https://detail.tmall.com/item.htm?id=863831138785&skuId=5688639377746"",""type"":""item""}]}]}",3928512850424.PNM,question,chat,1,52,6,user,multimodal,question,"[{""type"":""image"",""text"":""图片消息"",""url"":""https://img.alicdn.com/imgextra/i1/O1CN01gtez691iOAbGkTkCf_!!4611686018427383554-0-amp.jpg""}]",,history,2005528769472028674,立邦官方旗舰店:森森,蔡泽杰30,立邦官方旗舰店,实物拍摄(含售后),全部未分类,,
2012793577750220801,1976114002808741890,2,real,"{""thoughts"":[{""service"":""商品咨询与推荐"",""intention"":""适用场景匹配"",""created_at"":""2026-01-18T07:46:18.862+00:00""},{""service"":""闲聊"",""intention"":""打招呼"",""created_at"":""2026-01-18T07:46:38.026+00:00""},{""service"":""闲聊"",""intention"":""打招呼"",""created_at"":""2026-01-18T07:47:02.254+00:00""},{""service"":""闲聊"",""intention"":""打招呼"",""created_at"":""2026-01-18T07:47:55.925+00:00""},{""service"":""家装行业相关"",""intention"":""局部修缮方案咨询"",""created_at"":""2026-01-18T07:48:30.038+00:00""},{""service"":""家装行业相关"",""intention"":""防水方案咨询"",""action"":""confirm_answer"",""created_at"":""2026-01-18T07:48:39.437+00:00""}],""recommend_contents"":[{""request_id"":""e732d23ab26fe6ffdd6e7eececbaf567"",""recommend_items"":[{""id"":""625940120948"",""name"":""单组分免砸砖防水"",""link"":""https://detail.tmall.com/item.htm?id=625940120948&skuId=5967860619077"",""type"":""item""}]},{""request_id"":""2b4bf83d211b72aeae43d9da1d71419a"",""recommend_items"":[{""id"":""608673984488"",""name"":""外墙透明防水"",""link"":""https://detail.tmall.com/item.htm?id=608673984488&skuId=4280914353850"",""type"":""item""}]},{""request_id"":""2c68d8632a73760563fc405a7f1fb2fe"",""recommend_items"":[{""id"":""625940120948"",""name"":""单组分免砸砖防水"",""link"":""https://detail.tmall.com/item.htm?id=625940120948&skuId=5967860619077"",""type"":""item""},{""id"":""608673984488"",""name"":""外墙透明防水"",""link"":""https://detail.tmall.com/item.htm?id=608673984488&skuId=4280914353850"",""type"":""item""}]}]}",3925464017257.PNM,question,chat,1,48,10,user,multimodal,question,"[{""type"":""image"",""text"":""图片消息"",""url"":""https://img.alicdn.com/imgextra/i2/O1CN01fJaqg31YIzyEWnEtk_!!4611686018427387117-0-amp.jpg""}]",,history,2005533006720319490,立邦官方旗舰店:清清,探长yao,立邦官方旗舰店,实物拍摄(含售后),涂鸦&污渍,,
2012793577750220801,1976114002808741890,2,real,"{""thoughts"":[{""service"":""商品咨询与推荐"",""intention"":""适用场景匹配"",""created_at"":""2026-01-18T07:46:18.862+00:00""},{""service"":""闲聊"",""intention"":""打招呼"",""created_at"":""2026-01-18T07:46:38.026+00:00""},{""service"":""闲聊"",""intention"":""打招呼"",""created_at"":""2026-01-18T07:47:02.254+00:00""},{""service"":""闲聊"",""intention"":""打招呼"",""created_at"":""2026-01-18T07:47:55.925+00:00""},{""service"":""家装行业相关"",""intention"":""局部修缮方案咨询"",""created_at"":""2026-01-18T07:48:30.038+00:00""},{""service"":""家装行业相关"",""intention"":""防水方案咨询"",""action"":""confirm_answer"",""created_at"":""2026-01-18T07:48:39.437+00:00""}],""recommend_contents"":[{""request_id"":""e732d23ab26fe6ffdd6e7eececbaf567"",""recommend_items"":[{""id"":""625940120948"",""name"":""单组分免砸砖防水"",""link"":""https://detail.tmall.com/item.htm?id=625940120948&skuId=5967860619077"",""type"":""item""}]},{""request_id"":""2b4bf83d211b72aeae43d9da1d71419a"",""recommend_items"":[{""id"":""608673984488"",""name"":""外墙透明防水"",""link"":""https://detail.tmall.com/item.htm?id=608673984488&skuId=4280914353850"",""type"":""item""}]},{""request_id"":""2c68d8632a73760563fc405a7f1fb2fe"",""recommend_items"":[{""id"":""625940120948"",""name"":""单组分免砸砖防水"",""link"":""https://detail.tmall.com/item.htm?id=625940120948&skuId=5967860619077"",""type"":""item""},{""id"":""608673984488"",""name"":""外墙透明防水"",""link"":""https://detail.tmall.com/item.htm?id=608673984488&skuId=4280914353850"",""type"":""item""}]}]}",3934909681634.PNM,question,chat,1,48,11,user,multimodal,question,"[{""type"":""image"",""text"":""图片消息"",""url"":""https://img.alicdn.com/imgextra/i1/O1CN01VCI38q1YIzyDdrJfk_!!4611686018427387117-0-amp.jpg""}]",,history,2005533006720319490,立邦官方旗舰店:清清,探长yao,立邦官方旗舰店,实物拍摄(含售后),涂鸦&污渍,,
2012793577750220801,1976114002808741890,2,real,"{""thoughts"":[{""service"":""商品咨询与推荐"",""intention"":""适用场景匹配"",""created_at"":""2026-01-18T07:46:18.862+00:00""},{""service"":""闲聊"",""intention"":""打招呼"",""created_at"":""2026-01-18T07:46:38.026+00:00""},{""service"":""闲聊"",""intention"":""打招呼"",""created_at"":""2026-01-18T07:47:02.254+00:00""},{""service"":""闲聊"",""intention"":""打招呼"",""created_at"":""2026-01-18T07:47:55.925+00:00""},{""service"":""家装行业相关"",""intention"":""局部修缮方案咨询"",""created_at"":""2026-01-18T07:48:30.038+00:00""},{""service"":""家装行业相关"",""intention"":""防水方案咨询"",""action"":""confirm_answer"",""created_at"":""2026-01-18T07:48:39.437+00:00""}],""recommend_contents"":[{""request_id"":""e732d23ab26fe6ffdd6e7eececbaf567"",""recommend_items"":[{""id"":""625940120948"",""name"":""单组分免砸砖防水"",""link"":""https://detail.tmall.com/item.htm?id=625940120948&skuId=5967860619077"",""type"":""item""}]},{""request_id"":""2b4bf83d211b72aeae43d9da1d71419a"",""recommend_items"":[{""id"":""608673984488"",""name"":""外墙透明防水"",""link"":""https://detail.tmall.com/item.htm?id=608673984488&skuId=4280914353850"",""type"":""item""}]},{""request_id"":""2c68d8632a73760563fc405a7f1fb2fe"",""recommend_items"":[{""id"":""625940120948"",""name"":""单组分免砸砖防水"",""link"":""https://detail.tmall.com/item.htm?id=625940120948&skuId=5967860619077"",""type"":""item""},{""id"":""608673984488"",""name"":""外墙透明防水"",""link"":""https://detail.tmall.com/item.htm?id=608673984488&skuId=4280914353850"",""type"":""item""}]}]}",3925464017317.PNM,question,chat,1,48,12,user,multimodal,question,"[{""type"":""image"",""text"":""图片消息"",""url"":""https://img.alicdn.com/imgextra/i1/O1CN01bIQ2LD1YIzyDE32UV_!!4611686018427387117-0-amp.jpg""}]",,history,2005533006720319490,立邦官方旗舰店:清清,探长yao,立邦官方旗舰店,实物拍摄(含售后),露出基层,,
2012797850200371202,1976114002808741890,2,real,"{""thoughts"":[{""service"":""其他"",""intention"":"""",""created_at"":""2026-01-18T08:03:08.771+00:00""}],""recommend_contents"":[]}",3925476363711.PNM,question,chat,1,42,2,user,multimodal,question,"[{""type"":""image"",""text"":""图片消息"",""url"":""https://img.alicdn.com/imgextra/i1/O1CN01K6j3AS1jjz51ZCId8_!!4611686018427381545-0-amp.jpg""}]",,history,2005528769472028674,立邦官方旗舰店:森森,李靓男,立邦官方旗舰店,实物拍摄(含售后),起皮掉皮,,
2012797850200371202,1976114002808741890,2,real,"{""thoughts"":[{""service"":""其他"",""intention"":"""",""created_at"":""2026-01-18T08:03:08.771+00:00""}],""recommend_contents"":[]}",3925474387456.PNM,question,chat,1,42,8,user,multimodal,question,"[{""type"":""image"",""text"":""图片消息"",""url"":""https://img.alicdn.com/imgextra/i1/O1CN01WajHU41jjz51ZChjs_!!4611686018427381545-0-amp.jpg""}]",,online,2005528769472028674,立邦官方旗舰店:森森,李靓男,立邦官方旗舰店,实物拍摄(含售后),起皮掉皮,,
2012801724149747714,1976114002808741890,2,real,"{""thoughts"":[{""service"":""商品咨询与推荐"",""intention"":""商品使用方法"",""created_at"":""2026-01-18T08:18:39.070+00:00""},{""service"":""商品咨询与推荐"",""intention"":""商品使用方法"",""created_at"":""2026-01-18T08:19:49.773+00:00""}],""recommend_contents"":[{""request_id"":""2e4a48e44da585ab5ab2de365ded75cd"",""recommend_items"":[{""id"":""681035295767"",""name"":""Gplus-防水防霉密封胶"",""link"":""https://detail.tmall.com/item.htm?id=681035295767&skuId=5931444260200"",""type"":""item""}]}]}",3934767007865.PNM,question,chat,1,29,10,user,multimodal,question,"[{""type"":""image"",""text"":""图片消息"",""url"":""https://img.alicdn.com/imgextra/i4/O1CN01B4KEf21lCfV98CeDV_!!4611686018427381487-0-amp.jpg""}]",,online,2005533006720319490,立邦官方旗舰店:清清,cww1350031243,立邦官方旗舰店,实物拍摄(含售后),露出基层,,
2012802665011826690,1976114002808741890,2,real,"{""thoughts"":[{""service"":""商品咨询与推荐"",""intention"":""商品使用方法"",""action"":""confirm_answer"",""created_at"":""2026-01-18T08:22:19.722+00:00""}],""recommend_contents"":[{""request_id"":""1fa7a67d46419bf82845a3f2cd16f3cd"",""recommend_items"":[{""id"":""662110937733"",""name"":""瓷砖空鼓剂"",""link"":""https://detail.tmall.com/item.htm?id=662110937733&skuId=5595548391837"",""type"":""item""}]}]}",3925506144648.PNM,question,chat,1,22,9,user,multimodal,question,"[{""type"":""image"",""text"":""图片消息"",""url"":""https://img.alicdn.com/imgextra/i2/O1CN01Zu9EfB2Hok8Dc4UYr_!!4611686018427383294-0-amp.jpg""}]",,history,2005531847143251970,立邦官方旗舰店:辰辰,tb551594735,立邦官方旗舰店,实物拍摄(含售后),全部未分类,,
2012802935338913793,1976114002808741890,2,real,"{""thoughts"":[{""service"":""商品咨询与推荐"",""intention"":""适用场景匹配"",""created_at"":""2026-01-18T08:23:23.303+00:00""},{""service"":""闲聊"",""intention"":""打招呼"",""created_at"":""2026-01-18T08:23:52.920+00:00""},{""service"":""闲聊"",""intention"":""打招呼"",""created_at"":""2026-01-18T08:24:26.032+00:00""}],""recommend_contents"":[{""request_id"":""52ae493ec9dac32b50ac8687566a7e44"",""recommend_items"":[{""id"":""674545106798"",""name"":""净味耐久免钉胶"",""link"":""https://detail.tmall.com/item.htm?id=674545106798&skuId=5897178458901"",""type"":""item""}]}]}",3934967549633.PNM,question,chat,1,47,11,user,multimodal,question,"[{""type"":""image"",""text"":""图片消息"",""url"":""https://img.alicdn.com/imgextra/i2/O1CN01zc5Q7X2FDz71shfWz_!!4611686018427383839-0-amp.jpg""}]",,online,2005533006720319490,立邦官方旗舰店:清清,阿骆0109,立邦官方旗舰店,实物拍摄(含售后),露出基层,,
2012803648930508801,1976114002808741890,2,real,"{""recommend_contents"":[]}",3934767141763.PNM,question,chat,1,24,2,user,multimodal,question,"[{""type"":""image"",""text"":""图片消息"",""url"":""https://img.alicdn.com/imgextra/i4/O1CN01dAD3F81OB4xpAk3YG_!!4611686018427386194-0-amp.jpg""}]",,history,2005528769472028674,立邦官方旗舰店:森森,jyb19510711,立邦官方旗舰店,实物拍摄(含售后),露出基层,,
2012803924947193857,1976114002808741890,2,real,"{""thoughts"":[{""service"":""家装行业相关"",""intention"":""局部修缮方案咨询"",""created_at"":""2026-01-18T08:27:23.322+00:00""},{""service"":""家装行业相关"",""intention"":""局部修缮方案咨询"",""created_at"":""2026-01-18T08:28:06.819+00:00""}],""recommend_contents"":[]}",3925506265756.PNM,question,chat,1,72,1,user,multimodal,question,"[{""type"":""image"",""text"":""图片消息"",""url"":""https://img.alicdn.com/imgextra/i1/O1CN0184jcrJ1yBNO9owBwT_!!4611686018427384508-0-amp.jpg""}]",,history,2005533006720319490,立邦官方旗舰店:清清,猪兔小窝,立邦官方旗舰店,实物拍摄(含售后),露出基层,,
2012803924947193857,1976114002808741890,2,real,"{""thoughts"":[{""service"":""家装行业相关"",""intention"":""局部修缮方案咨询"",""created_at"":""2026-01-18T08:27:23.322+00:00""},{""service"":""家装行业相关"",""intention"":""局部修缮方案咨询"",""created_at"":""2026-01-18T08:28:06.819+00:00""}],""recommend_contents"":[]}",3934757379074.PNM,question,chat,1,72,11,user,multimodal,question,"[{""type"":""image"",""text"":""图片消息"",""url"":""https://img.alicdn.com/imgextra/i4/O1CN0181dzD61yBNOAN3DYi_!!4611686018427384508-0-amp.jpg""}]",,history,2005533006720319490,立邦官方旗舰店:清清,猪兔小窝,立邦官方旗舰店,实物拍摄(含售后),裂缝,,
2012803924947193857,1976114002808741890,2,real,"{""thoughts"":[{""service"":""家装行业相关"",""intention"":""局部修缮方案咨询"",""created_at"":""2026-01-18T08:27:23.322+00:00""},{""service"":""家装行业相关"",""intention"":""局部修缮方案咨询"",""created_at"":""2026-01-18T08:28:06.819+00:00""}],""recommend_contents"":[]}",3925530032695.PNM,question,chat,1,72,15,user,multimodal,question,"[{""type"":""image"",""text"":""图片消息"",""url"":""https://img.alicdn.com/imgextra/i1/O1CN01J2yVti1yBNO9mkn8k_!!4611686018427384508-0-amp.jpg""}]",,online,2005533006720319490,立邦官方旗舰店:清清,猪兔小窝,立邦官方旗舰店,实物拍摄(含售后),露出基层,,
2012803924947193857,1976114002808741890,2,real,"{""thoughts"":[{""service"":""家装行业相关"",""intention"":""局部修缮方案咨询"",""created_at"":""2026-01-18T08:27:23.322+00:00""},{""service"":""家装行业相关"",""intention"":""局部修缮方案咨询"",""created_at"":""2026-01-18T08:28:06.819+00:00""}],""recommend_contents"":[]}",3934971641363.PNM,question,chat,1,72,20,user,multimodal,question,"[{""type"":""image"",""text"":""图片消息"",""url"":""https://img.alicdn.com/imgextra/i1/O1CN01ecUIcb1yBNO8xYlr5_!!4611686018427384508-0-amp.jpg""}]",,online,2005533006720319490,立邦官方旗舰店:清清,猪兔小窝,立邦官方旗舰店,实物拍摄(含售后),起皮掉皮,,
2012805900867031041,1976114002808741890,2,real,"{""thoughts"":[{""service"":""闲聊"",""intention"":""打招呼"",""created_at"":""2026-01-18T08:35:06.043+00:00""},{""service"":""闲聊"",""intention"":""打招呼"",""created_at"":""2026-01-18T08:35:12.249+00:00""}],""recommend_contents"":[]}",3928610557615.PNM,question,chat,1,34,8,user,multimodal,question,"[{""type"":""image"",""text"":""图片消息"",""url"":""https://img.alicdn.com/imgextra/i3/O1CN01BjeFvb1kuLesKFM7d_!!4611686018427383415-0-amp.jpg""}]",,online,2005533006720319490,立邦官方旗舰店:清清,tb8029894_11,立邦官方旗舰店,实物拍摄(含售后),孔洞,,
2012806134523318274,1976114002808741890,2,real,"{""thoughts"":[{""service"":""家装行业相关"",""intention"":""局部修缮方案咨询"",""created_at"":""2026-01-18T08:36:08.209+00:00""},{""service"":""家装行业相关"",""intention"":""局部修缮方案咨询"",""created_at"":""2026-01-18T08:38:16.829+00:00""}],""recommend_contents"":[{""request_id"":""7bfad80f74ced5454cfc142bb7ba1a1d"",""recommend_items"":[{""id"":""903689212531"",""name"":""抗菌防霉耐水补墙膏"",""link"":""https://detail.tmall.com/item.htm?id=631617350390&skuId=4783057004999"",""type"":""item""},{""id"":""631617350390"",""name"":""防水抗渗补墙膏"",""link"":""https://detail.tmall.com/item.htm?id=631617350390&skuId=5076161912206"",""type"":""item""},{""id"":""898092363287"",""name"":""防水抗渗补墙膏"",""link"":""https://detail.tmall.com/item.htm?id=631617350390&skuId=5076161912206"",""type"":""item""}]}]}",3928608727722.PNM,question,chat,1,18,9,user,multimodal,question,"[{""type"":""image"",""text"":""图片消息"",""url"":""https://img.alicdn.com/imgextra/i3/O1CN01jizIR01z3sWKZnPLK_!!4611686018427382547-0-amp.jpg""}]",,online,2005531847143251970,立邦官方旗舰店:辰辰,guichantb,立邦官方旗舰店,实物拍摄(含售后),露出基层,,
